,TPM,Gene Heterogeneity,log10TPM,htg.qtl
PUSL1,131.2341911453729,0.637641479940148,2.118046998844896,0.25
AURKAIP1,453.3402052476904,0.6836123418055016,2.6564242369120232,0.5
MRPL20,36.86812991272478,0.6604165498130993,1.5666511091498636,0.5
ATAD3A,26.66838578302537,0.687405212672393,1.4259967289729236,0.75
SSU72,208.7142856359626,0.6931705018593322,2.3195521757570647,0.75
GNB1,73.614707612865,0.7186686471729572,1.8669645914704913,1.0
FAAP20,41.94142783736288,0.6391494646935932,1.6226432113303833,0.25
LRRC47,27.920960285697014,0.710785843571284,1.4459303508998138,1.0
C1orf174,68.0378274746827,0.6883833752312629,1.8327504376445187,0.75
RPL22,182.02975132600463,0.6221111927856475,2.2601423757914,0.25
ACOT7,168.52265651695987,0.7153470948452905,2.22665829653577,1.0
PARK7,580.701784061044,0.7006691026559875,2.763953160296587,0.75
ENO1,1680.965081712171,0.6844910468226549,3.2255586920371937,0.5
PGD,170.05671787919064,0.6845989543615397,2.2305937928711224,0.5
SRM,418.6542201452088,0.7103250148728022,2.6218554733695587,1.0
MAD2L2,427.7650910729379,0.6834438989612712,2.631205339905933,0.5
UQCRHL,141.122979969029,0.618181271707258,2.1495977384966545,0.25
MFAP2,323.45197469031035,0.6421205724709375,2.509809806873902,0.25
RCC2,129.348253242343,0.6506342944930539,2.1117605682490534,0.25
CAPZB,122.68772593756293,0.7100602918265182,2.088801116726834,1.0
MICOS10,45.12857470414586,0.7017847069523991,1.6544516174133579,1.0
CDC42,38.93212556002213,0.6946909752117013,1.5903081153490006,0.75
KDM1A,88.21984401364985,0.7025911568357524,1.945566285543148,1.0
HNRNPR,74.8454365305823,0.7157600254789545,1.8741653257210884,1.0
ID3,135.01282257321228,0.6767878313615043,2.130375016704932,0.5
RPL11,2338.131334136872,0.5067702662243551,3.3688689020734603,0.25
LYPLA2,130.34114780700918,0.6746128573373409,2.1150815411498023,0.5
SRRM1,41.57660424165089,0.7112154509258748,1.618849015554937,1.0
STMN1,96.37429981587594,0.7094747519563639,1.9839612358091454,1.0
SH3BGRL3,536.202766096865,0.6892491234953032,2.729329050037585,0.75
LIN28A,286.729407785183,0.6650689690380049,2.4574722377105576,0.5
HMGN2,483.7114808911686,0.6556758212178934,2.6845863954895695,0.25
NUDC,198.90144050782033,0.700090869286962,2.298637928435306,0.75
TENT5B,66.00201472456305,0.6980718936305481,1.8195571926692267,0.75
DNAJC8,143.71455088699426,0.7142430187169093,2.1575007420382213,1.0
ATP5IF1,1135.5110625614698,0.6315937897246,3.05519136963105,0.25
YTHDF2,31.731865650636184,0.7117186918000818,1.5014956068611187,1.0
PTP4A2,92.73318359784794,0.7126396276580431,1.9672351696853132,1.0
KHDRBS1,135.5204348565016,0.717972469855359,2.1320047865482907,1.0
KPNA6,79.64397600861788,0.6934997528452655,1.9011529328659216,0.75
EIF3I,69.33525757083962,0.7164146285423901,1.8409541332354236,1.0
MARCKSL1,348.54776790590256,0.6752941189260554,2.542262305866806,0.5
SFPQ,71.25176815799645,0.7031395690870269,1.8527956461083785,1.0
PSMB2,98.96427727258731,0.6866526336795317,1.9954784573944948,0.75
MAP7D1,51.36050743489193,0.6842227633163583,1.7106293058529471,0.5
THRAP3,50.696506365884126,0.7017426773517272,1.7049780319507606,1.0
MRPS15,225.91270017392517,0.7091488953209719,2.353940646415785,1.0
AKIRIN1,86.81466128814318,0.6855244197196079,1.9385930751632507,0.5
NDUFS5,1499.8731359012163,0.633186754400195,3.1760545265836133,0.25
CAP1,79.31522619447068,0.705384227993222,1.8993565671092918,1.0
YBX1,836.2047749458668,0.6665554869663785,2.9223126431554634,0.5
SLC2A1,53.24339076313665,0.6893696700418154,1.726265705383185,0.75
CDC20,217.37802214894072,0.7145654168675272,2.337215632933643,1.0
ATP6V0B,129.07170502600877,0.6945686812440216,2.110831047085229,0.75
RPS8,4577.921207187987,0.516890886449445,3.6606683135508544,0.25
PRDX1,575.6704662784647,0.6640237646999919,2.7601739493417017,0.5
AKR1A1,204.87362778307096,0.6923667534582225,2.3114860577403076,0.75
NASP,198.41991767501594,0.6931381255527248,2.297585265107377,0.75
UQCRH,673.0937321602519,0.5722046943076496,2.828075546431222,0.25
DHCR24,58.04473010431241,0.668822112491795,1.7637627961588407,0.5
L1TD1,155.42501226127573,0.6936524362436501,2.1915209103011177,0.75
SERBP1,179.354714507675,0.6843208203707947,2.253712797001714,0.5
SRSF11,55.330584435317576,0.7183071790776281,1.7429652575210919,1.0
FUBP1,27.94339872080304,0.6166468393061932,1.446279227688036,0.25
GNG5,213.5396580476069,0.6356092092702963,2.329478542929232,0.25
RPL5,1687.2501833476933,0.6744232038492284,3.227179484006722,0.5
CNN3,171.7469511116298,0.6216836007721087,2.2348890361120946,0.25
PSMA5,54.76443887708132,0.685813643360909,1.7384986421955722,0.5
ATP5PB,64.47652634579184,0.6882846287869164,1.8094016319376778,0.75
CAPZA1,90.85400084083051,0.7193737553462174,1.9583440566285102,1.0
SLC16A1,66.25386677303501,0.6605914338985802,1.8212112300682555,0.5
CSDE1,90.8921079656448,0.7058169007064161,1.9585261756777625,1.0
PHGDH,325.1359125570947,0.7016467642436712,2.5120649417015737,1.0
RBM8A,53.09327362329437,0.6853469846213179,1.725039503881402,0.5
MRPS21,197.66115676440404,0.6947728308569827,2.295921332640384,0.75
PSMD4,112.72450215146796,0.7112749604864569,2.0520183259183042,1.0
PSMB4,1143.1931507852962,0.6675770246909851,3.058119613801579,0.5
S100A10,263.902770203591,0.7047373958682814,2.4214439490598334,1.0
S100A11,542.4201312512248,0.6924554354887663,2.7343357994598145,0.75
ILF2,207.42896807760977,0.6987244634727369,2.316869406815567,0.75
JTB,109.15792908691716,0.7093690282217939,2.0380552877650286,1.0
RPS27,8123.983431829445,0.33268821067399323,3.909769029027158,0.25
TPM3,80.21917722620394,0.700118328395707,1.904278203295691,0.75
CKS1B,523.2531882204067,0.7146178567049161,2.7187118832072104,1.0
KRTCAP2,285.7125911861983,0.7048831044975422,2.455929379907394,1.0
FDPS,212.4093950419146,0.6921998160431785,2.3271737220357207,0.75
SSR2,192.71746434465882,0.7086129007947165,2.284921072853886,1.0
PMF1,111.72524853288328,0.6934565994936822,2.04815132942181,0.75
CCT3,258.11975876968137,0.7003662742437711,2.411821250557801,0.75
NAXE,264.0187559297937,0.7395827552009232,2.42163478030723,1.0
NES,49.42668787051336,0.6727945882145402,1.6939615089484579,0.5
DUSP23,185.66217158592548,0.6689214629275116,2.2687234258451237,0.5
TSTD1,244.02922831736146,0.7138047917133669,2.3874418465712237,1.0
NDUFS2,97.97953430612509,0.6863710579750124,1.9911353709361848,0.75
MGST3,145.88316793277852,0.6828927181839024,2.1640051856863445,0.5
PRDX6,314.98164238505314,0.7025855690276068,2.4982852431762805,1.0
GLUL,26.81597910551511,0.6510913378914486,1.4283936585565733,0.25
DHX9,33.550918702363425,0.6758293356212117,1.5257044166631122,0.5
TPR,18.124560201416113,0.6909151991017642,1.2582674770683844,0.75
RPS27AP5,59.60776182663047,0.5823540878467941,1.7753028150924755,0.25
TMEM183A,80.05609221072027,0.6629570356546836,1.9033943870088925,0.5
SNRPE,326.974243726396,0.6973600106357455,2.5145135439506507,0.75
MDM4,23.025072104514766,0.6912001850429531,1.3622009988925066,0.75
NUCKS1,127.22799851896711,0.6745294221428363,2.1045826951507207,0.5
CNIH4,26.417861737002465,0.7236521523756887,1.4218976628848072,1.0
SRP9,134.8827232853153,0.6967537000338736,2.12995632578486,0.75
H3-3A,2266.632495401269,0.5140374791846438,3.3553811107054563,0.25
PARP1,134.4442601628234,0.6990906532629098,2.128542265593725,0.75
ARF1,208.6173753363217,0.679281754264855,2.319350477141474,0.5
MRPL55,217.04328294650435,0.7039865808677579,2.3365463498411194,1.0
TOMM20,73.37809761893375,0.7309852773477223,1.8655664481625116,1.0
RBM34,37.830023577904015,0.6498464516849438,1.5778366119707885,0.25
GNG4,40.87610751864872,0.6892743854102985,1.6114695328297273,0.75
HNRNPU,52.76161695407681,0.6945705296123388,1.7223180966444653,0.75
ACP1,90.41711093507523,0.6783001471326765,1.9562506260669987,0.5
RPS7,1565.97542907343,0.5603885690394114,3.1947849434808386,0.25
SOX11,35.024715977702826,0.6897091540894683,1.5443746221928862,0.75
YWHAQ,115.38316369857719,0.7217725718540859,2.0621424427344284,1.0
PDIA6,76.58824978786744,0.6796676936862222,1.8841621450408688,0.5
DDX1,39.443352655136046,0.6699525148811584,1.595973822540533,0.5
SF3B6,232.8959230979267,0.6318881832018702,2.3671618861664077,0.25
PTRHD1,130.14877142462504,0.72464808810429,2.1144400728215564,1.0
DNMT3A,29.681030239415655,0.6760100181861315,1.4724789713889297,0.5
HADHA,70.58740692578962,0.6944391447056951,1.8487272280990334,0.75
OST4,461.99950874382165,0.676541706254958,2.6646415137596735,0.5
ATRAID,109.94239733688377,0.6981377530934711,2.0411652026936418,0.75
CAD,33.96971969477916,0.7092749110070081,1.5310919632517497,1.0
PPM1G,201.09407236246687,0.6889043901873565,2.3033992691138336,0.75
NRBP1,50.34119584750496,0.6716743315261261,1.701923527934712,0.5
PPP1CB,63.683906084852005,0.7183703532374351,1.804029693220057,1.0
WDR43,78.13049314693154,0.6416899778261985,1.892820565514174,0.25
DPY30,291.2058447527178,0.7125134532929642,2.4642000873936776,1.0
CEBPZ,44.29919480341314,0.7153964922515362,1.6463958324169168,1.0
SRSF7,92.3225200360707,0.7075807485772334,1.9653076504782796,1.0
EML4,17.89917776636767,0.6523842330370505,1.2528330812742463,0.25
CALM2,106.46416368347192,0.7017757863882882,2.027203446895878,1.0
RPS27A,1819.8649842956947,0.5137105261601256,3.260039168891438,0.25
CCT4,131.23563383435254,0.7046682363805528,2.1180517731221906,1.0
MDH1,117.55295313089441,0.7253971329795847,2.070233543816909,1.0
UGP2,187.46340331664226,0.7062338242757354,2.2729164971894535,1.0
PCBP1,221.31129051803464,0.7146834227105798,2.345003570658396,1.0
SNRPG,551.0586156518909,0.642544235970184,2.741197796855833,0.25
FAM136A,114.93980670237138,0.7073692289982343,2.0604704624325834,1.0
CCT7,352.6306216288002,0.6989510242077251,2.5473200227306867,0.75
DGUOK,105.72305722875635,0.6846134153013107,2.024169713279019,0.5
TMSB10,1839.506160266695,0.5271134934705644,3.264701246565272,0.25
TCF7L1,80.66190456945836,0.6597882694857377,1.906668472249345,0.5
RNF181,123.28930537638226,0.6639925964244263,2.0909254057322766,0.5
C2orf68,27.042736290335945,0.6563809414415465,1.432050633115401,0.25
RMND5A,35.021159407180505,0.6811803487764491,1.544330519697338,0.5
STARD7,99.22480212062246,0.702943598271655,1.9966202414869114,1.0
SNRNP200,33.03540104645079,0.6937979220285247,1.5189795834677313,0.75
COX5B,730.977756410839,0.6563977219959449,2.8639041616158503,0.25
RPL31,1399.4629275153961,0.5007682015593167,3.1459613982728882,0.25
DDX18,32.39455670016336,0.6995832977685581,1.510472041265752,0.75
DBI,225.41317288994378,0.6892712898481407,2.352979292128225,0.75
POLR2D,55.116919030681075,0.6671408272508756,1.7412849330401525,0.5
MZT2A,299.6427383296088,0.6078103800795253,2.4766037572816475,0.25
SSB,109.13242097287143,0.6983493161111518,2.037953789616153,0.75
ATP5MC3,288.78977215082784,0.6876165276007842,2.4605818080904203,0.75
HNRNPA3,134.35670483930653,0.6863018927953741,2.128259344026021,0.75
HSPD1,430.24033391464366,0.7078374133744095,2.633711121940473,1.0
HSPE1,988.4368947460346,0.6156584928776071,2.994948947662424,0.25
SUMO1,119.20822729432587,0.7045701625243251,2.0763062297769035,1.0
EEF1B2,993.5391436366926,0.6729321314599906,2.9971849821962424,0.5
IDH1,49.737459542018755,0.6576251480490303,1.6966835988860829,0.5
XRCC5,203.16451932401753,0.7102427274542353,2.307847864993598,1.0
RPL37A,1189.6343666761913,0.39572262019783583,3.0754135017834385,0.25
IGFBP2,304.2361447611681,0.6798030093315502,2.4832108091180953,0.5
ARPC2,217.67805109406078,0.7101952817446318,2.3378146404820828,1.0
ITM2C,101.13948381752769,0.6779502275260876,2.004920732806794,0.5
PSMD1,61.24207941149056,0.6973580315154935,1.7870499282967045,0.75
NCL,199.71310559191846,0.6897721873370654,2.3004065651185646,0.75
PTMA,760.7526178608456,0.5548229506830108,2.8812434555035056,0.25
EIF4E2,120.50772512274337,0.7191407300234944,2.081014888161029,1.0
HDLBP,74.98806703291365,0.6715732423749055,1.874992158937302,0.5
DTYMK,172.79498897044041,0.6986618692356968,2.2375311438486514,0.75
SETD5,29.485815079278098,0.694953318171683,1.4696131375247168,0.75
BRK1,194.36330133355182,0.6880066165039341,2.2886142671082355,0.75
RPL32,1612.460693561402,0.461861203525776,3.207489136778656,0.25
LSM3,70.28774959020483,0.7132016929683813,1.846879638690054,1.0
RPL15,1063.271803266904,0.6633976743146669,3.026644297044578,0.5
TRIM71,69.33600780074967,0.6834929612389695,1.840958832416746,0.5
ACVR2B,19.03802677074207,0.6829818664602515,1.2796219331772687,0.5
RPSA,5677.949545784207,0.513392436298035,3.754191529069574,0.25
RPL14,114.95707869093727,0.6298236113540585,2.0605357189002986,0.25
TDGF1,352.628957743031,0.6412355145636087,2.5473179735095792,0.25
TMA7,851.6507932869465,0.6185062384504583,2.9302615552867266,0.25
SHISA5,93.55265641672095,0.7166944972119748,1.9710561237520552,1.0
UQCRC1,234.7844664961354,0.6886636023455567,2.370669360300569,0.75
WDR6,50.72235437772388,0.6472795311359512,1.7051994039731029,0.25
IMPDH2,357.0307413046984,0.7040926508113767,2.552705611642198,1.0
QARS1,83.62464281455341,0.7099061891971679,1.9223342757803668,1.0
GPX1,1186.201477911844,0.6384066672255485,3.074158460793724,0.25
RHOA,114.2405244686046,0.6928275881384659,2.057820188245983,0.75
APEH,141.7934008471465,0.7060787772167617,2.1516560189827274,1.0
RPL29,2383.76970228575,0.5061244182794025,3.377264295590977,0.25
NT5DC2,518.9400776586564,0.7103382935144682,2.7151172124830802,1.0
TKT,493.3107900971845,0.7066174048767463,2.69312061481024,1.0
MTRNR2L12,813.8248300783998,0.2885499393688078,2.910530936194985,0.25
RPL24,2161.4389761212706,0.5013309383720328,3.3347429786122507,0.25
DPPA4,93.60387875418081,0.691041928233397,1.971293845390192,0.75
NDUFB4,580.9379946436882,0.6696892070218348,2.7641297812352015,0.5
FAM162A,62.59347386000096,0.6964822531256047,1.796529055026114,0.75
H1-10,143.52092549282844,0.6569629150284025,2.1569152262513858,0.25
RNF7,110.34958040791415,0.6826915547984377,2.042770686144036,0.5
PFN2,88.4400720126993,0.6895824226356423,1.9466490875329223,0.75
RPL22L1,190.70886444870462,0.71021701957048,2.280370880207433,1.0
SOX2,114.14040816190712,0.6981123989518618,2.057439421236831,0.75
AP2M1,43.310498479669924,0.6797082079491361,1.6365931822457547,0.5
PSMD2,162.57743635246808,0.6992838473253961,2.2110602709776734,0.75
EIF4G1,68.67887974534067,0.6910478351059248,1.8368232025578248,0.75
RPL39L,256.9321880427951,0.7076975551527536,2.409818515374536,1.0
RPL35A,2368.627390505443,0.5580088321553464,3.374496747098925,0.25
ATP5ME,1711.675767907113,0.5568059617826306,3.233421502429601,0.25
CTBP1,58.840249113876254,0.6391923637761019,1.7696745027460568,0.25
TACC3,27.356352358204134,0.6759088381624422,1.4370581889430725,0.5
LETM1,33.18434774522061,0.6673308287929427,1.5209332857889588,0.5
MRFAP1,110.99967830637395,0.704744383866537,2.045321720138287,1.0
RPL9,2630.558859330845,0.5462885194491659,3.420048023676083,0.25
UCHL1,198.00269515070323,0.7164945458909627,2.2966711017822994,1.0
OCIAD2,127.33912521236331,0.7025442565688671,2.104961862044641,1.0
PAICS,149.00736809030383,0.6776780780944879,2.1732077438608997,0.5
CCNI,185.06102333245897,0.6964769823642294,2.2673149593574973,0.75
HNRNPD,148.40653771269896,0.6954567115653889,2.1714530332206983,0.75
HNRNPDL,51.320381192938726,0.71198260304545,1.7102898735285923,1.0
MRPS18C,36.73073094420327,0.6750776865952961,1.5650295709228992,0.5
H2AZ1,1364.834399819307,0.6533363327191988,3.1350799600891492,0.25
RPL34,4506.165446160232,0.45461280297013545,3.6538071330237147,0.25
ANXA5,100.83630193378777,0.6414326642966299,2.0036169099992573,0.25
NDUFC1,134.51133005166648,0.6589057597011301,2.1287588670274933,0.5
RPS3A,2181.807420693075,0.603998873224482,3.3388164145285244,0.25
SFRP2,106.39276358186339,0.6955516549386066,2.026912089957701,0.75
MSMO1,31.024918966062256,0.7056475517665044,1.4917106558391648,1.0
HMGB2,115.53717868681501,0.6846476613362136,2.062721758257255,0.5
ZFP42,40.56014718760075,0.6437219784915486,1.6080995223274201,0.25
MRPL36,194.76628578668084,0.7152127149616992,2.2895137822962126,1.0
NDUFS6,302.79328952779736,0.6589339705579477,2.48114624614725,0.5
CCT5,127.97326015178828,0.7177106557539341,2.1071192338533513,1.0
BASP1,46.10066773142471,0.6693656632293319,1.6637072158445936,0.5
SUB1,134.85300197516966,0.6991571124388252,2.1298606187662146,0.75
NUP155,16.73084943162851,0.6934883539643502,1.223517990819189,0.75
RPL37,142.43242997271827,0.48092264183871714,2.1536088836455725,0.25
HMGCS1,20.953047042010432,0.6881100163871013,1.3212471880329533,0.75
CCNB1,84.06571688637231,0.7159989095755844,1.9246189208559692,1.0
BTF3,359.12883281818745,0.7018672021638883,2.555250274051605,1.0
TBCA,150.9809818135766,0.7009157564230664,2.1789222452163646,0.75
RPS23,598.8987553495964,0.510836823856543,2.777353410520569,0.25
COX7C,1890.5804063196658,0.5714321584288258,3.2765951526207213,0.25
POLR3G,45.93556644424219,0.6545972255511924,1.662149076150302,0.25
HINT1,1010.4959874100623,0.6199834155331668,3.00453459330988,0.25
UQCRQ,932.09350060279,0.602699806662655,2.9694594796920653,0.25
HSPA4,52.036775623166264,0.604550842005995,1.7163103783497684,0.25
VDAC1,103.80547465004602,0.7163122043001167,2.0162202585953604,1.0
SKP1,32.52668175585951,0.7239614338532427,1.5122397605267122,1.0
HNRNPA0,31.11542511110763,0.7126898206350021,1.4929757388620941,1.0
HSPA9,41.4256671533688,0.6915017703347481,1.617269511386933,0.75
MATR3,58.64859923832213,0.6868672728591211,1.768257643896869,0.75
NDUFA2,237.23368177694437,0.6869033721009152,2.375176348989909,0.75
LARS1,59.96809995639251,0.712895347854178,1.7779202887656342,1.0
DPYSL3,60.04174369500557,0.6989177566008017,1.7784532962648163,0.75
RPS14,1451.6752605534307,0.534270020242806,3.1618694756457546,0.25
LARP1,53.78102972907527,0.6986424537374162,1.7306291132717002,0.75
PTTG1,440.2448361805067,0.7189301985762384,2.6436942706439397,1.0
NPM1,505.3241536627246,0.6950183559198744,2.703570057295696,0.75
ATP6V0E1,100.22626337874536,0.7099752812152548,2.000981539354682,1.0
BOD1,64.88844223386516,0.6866508348761495,1.812167348247873,0.75
NOP16,158.21088879354437,0.6918020192140311,2.1992363703134497,0.75
HIGD2A,326.53733165999466,0.6993394518295747,2.513932839537959,0.75
PRELID1,743.3945695240894,0.6925261135327088,2.8712193842626177,0.75
LMAN2,102.48460954234483,0.6983128177838404,2.0106586508289714,0.75
DBN1,43.236569725430726,0.6881455634214899,1.6358512308776727,0.75
TMED9,33.37636581714624,0.6909700866634219,1.5234390467984906,0.75
NHP2,623.7255099369438,0.6926828560241712,2.794993506754815,0.75
HNRNPAB,234.76130575346846,0.6815786090638039,2.3706265164146703,0.5
HNRNPH1,378.08596805896565,0.5666930084920713,2.5775905596485877,0.25
RACK1,2553.671153474473,0.5705839130962382,3.407164970677379,0.25
NQO2,73.84361614131659,0.7185740738513491,1.8683129560536869,1.0
TUBB2A,104.72589121317291,0.7187480990222576,2.020054064877767,1.0
TUBB2B,89.96585824402516,0.6307614821371992,1.9540777273351533,0.25
NOL7,75.88304033117588,0.6775215498255828,1.8801447230152666,0.5
JARID2,45.11408438635353,0.6865838569780262,1.6543121475622755,0.75
DEK,75.73138267244181,0.6786098887160418,1.879275886067053,0.5
SOX4,90.26059986320737,0.6609319397924787,1.9554982154727951,0.5
C6orf62,65.92047743580227,0.668430594481354,1.8190203441226687,0.5
H1-2,85.48976175344069,0.6625799371826275,1.9319141067723185,0.5
H4C3,9563.160335712757,0.4311913354940182,3.9806014372079432,0.25
H1-4,102.12490149926074,0.6900608076237232,2.009131650658238,0.75
HLA-A,96.94234428846337,0.6645825343332004,1.9865135177514341,0.5
TUBB,917.2130905046313,0.6665547890368796,2.9624702443716355,0.5
POU5F1,274.67618955172713,0.6597359022061956,2.4388210140092768,0.5
HLA-C,86.24834366733528,0.6666962999401002,1.9357507635361106,0.5
BAG6,46.09335406927663,0.6900466980548979,1.663638311526113,0.75
CSNK2B,279.64209279276724,0.6904656950924304,2.4466025436534715,0.75
CLIC1,184.37825537749924,0.7125032059397843,2.265709701281579,1.0
VARS1,54.06718703862547,0.737640850615815,1.7329337750614433,1.0
LSM2,182.86230018403484,0.6643143881512559,2.2621241783595316,0.5
EHMT2,49.460956418179535,0.668431180609627,1.6942625099856867,0.5
RNF5,150.7002451724789,0.7035719306632686,2.178113958863856,1.0
RPS18,8225.934867276326,0.43253981843617423,3.915185266455132,0.25
CUTA,585.283275622121,0.6891604380493274,2.767366114394722,0.75
HMGA1,838.4670152939807,0.6108511452147596,2.923485982436944,0.25
RPS10-NUDT3,11.049017612676844,0.5753601000821781,1.0433236658618654,0.25
SNRPC,475.3640803694464,0.7178838510379699,2.6770263623170636,1.0
RPL10A,3440.4352735161783,0.5373594866508422,3.5366133916783618,0.25
SRSF3,86.2679555572476,0.7078862685140829,1.9358495059232774,1.0
GLO1,90.42885672528476,0.6939267871124198,1.9563070401739513,0.75
AL365205.1,22.07559028662849,0.6876486363439495,1.3439123251509897,0.75
MEA1,239.11096926110525,0.7101781523756837,2.3785994999145816,1.0
DNPH1,176.62506185935692,0.7053858661184997,2.2470523269595035,1.0
MRPL14,432.055275816448,0.6967639800617448,2.6355393126630022,0.75
SLC29A1,34.86698097085827,0.626141523446597,1.5424143447244272,0.25
HSP90AB1,1250.2666151428923,0.6710260530201225,3.0970026347189474,0.5
MCM3,47.9512020300475,0.6761643667149638,1.6807994984404369,0.5
FKBP1C,59.38993232171466,0.7033129952133235,1.7737128303734584,1.0
EEF1A1,1540.2259995713011,0.6199605294219179,3.187584450164713,0.25
COX7A2,862.588675038126,0.640061844187419,2.935803751977408,0.25
HMGN3,89.94039958848579,0.6300376571203756,1.953954812725907,0.25
CD24,247.06413436609324,0.6912132417012783,2.392809704619312,0.75
AMD1,19.424092297085373,0.611716916728253,1.2883407330287941,0.25
MARCKS,86.1495479193488,0.7064269738055509,1.935253002774792,1.0
HDAC2,15.581462099208926,0.6862897476295334,1.1926082076257298,0.5
GJA1,41.230684012243046,0.7281065995115742,1.6152205397559687,1.0
CENPW,107.99886933168666,0.6931046389442705,2.0334192087686187,0.75
RPS12,6326.919406794133,0.44921454296939983,3.8011923023890506,0.25
SF3B5,468.58503325416376,0.7117990029305084,2.6707884129870787,1.0
NUP43,18.176705285958775,0.642523922865594,1.2595151656956187,0.25
EZR,127.58380267386481,0.6910986856799469,2.1057955422858656,0.75
WTAP,79.29935758010336,0.7018519686760512,1.8992696690257211,1.0
ACAT2,159.37345991895862,0.7323898153622129,2.202416001060041,1.0
TCP1,63.00011890066806,0.7084470007958134,1.7993413691020785,1.0
PSMB1,740.7306832323945,0.6883542735232681,2.869660334772454,0.75
PSMG3,167.675332637765,0.694012843091024,2.2244691765758473,0.75
NUDT1,264.5871732603512,0.6249944793053903,2.4225687864982155,0.25
EIF3B,148.66016586621467,0.7072193777876151,2.1721946130272802,1.0
ACTB,2027.3923104628477,0.6076715937327763,3.3069377949602137,0.25
RAC1,259.60804122897446,0.6941964893121302,2.4143181403906016,0.75
RPA3,78.09298828036445,0.7148845661680683,1.8926120417153354,1.0
NDUFA4,364.78330034687156,0.6341858913621098,2.5620349482605156,0.25
CDCA7L,83.78235294067608,0.6998635237792152,1.9231525529075433,0.75
TOMM7,505.64914523040795,0.6100457414651206,2.703849277428466,0.25
MALSU1,32.296363604431484,0.6622214367259693,1.509153625878022,0.5
TRA2A,50.18848230288758,0.6283277667068905,1.7006040628379244,0.25
CYCS,35.69959656453188,0.7160699720344893,1.5526633082469938,1.0
HNRNPA2B1,181.73149065879448,0.6804875255255597,2.2594301889170674,0.5
GARS1,77.91998767733921,0.6844435420491679,1.8916488751890395,0.5
SEPTIN7,36.26558195470167,0.7126304979467711,1.559494650988108,1.0
PSMA2,44.76368110600722,0.7195591127551302,1.6509257931890018,1.0
POLD2,136.7968696695159,0.6941710681676279,2.1360761595126774,0.75
TMED4,66.90804096793477,0.7054423304713415,1.8254783141527664,1.0
PPIA,1689.910364217736,0.6688528492689289,3.227863669490589,0.5
H2AZ2,60.195881670840336,0.7081372123093259,1.7795667798157955,1.0
SEC61G,502.4456747266384,0.67013155354285,2.701089111979354,0.5
CCT6A,166.27748563347515,0.7017652547372873,2.2208334486958363,1.0
CHCHD2,329.1615869353955,0.717580178576594,2.517409147453418,1.0
EIF4H,182.5949557911347,0.7035813388056642,2.261488775923722,1.0
GTF2I,53.937842595741905,0.6943363725146084,1.731893571566218,0.75
MDH2,147.31364595270367,0.7024380857037947,2.168242978257877,1.0
HSPB1,64.3031230284733,0.6159650453917774,1.8082320659428224,0.25
YWHAG,40.59108351696824,0.6884700392255444,1.6084306442997882,0.75
SRI,105.95584168324058,0.703750175921619,2.025124905745807,1.0
CYP51A1,89.92035504572013,0.6834127531797227,1.9538580130169416,0.5
PDAP1,52.486316813938664,0.6996103511833366,1.7200460975632283,0.75
ATP5MF-PTCD1,17.67808452482269,0.5702425565513666,1.2474352060748766,0.25
ATP5MF,525.9164663864116,0.5783624576142725,2.720916768738541,0.25
COPS6,237.42147803338293,0.7409086282715724,2.3755200042961384,1.0
MCM7,175.4252313428344,0.7097250840720356,2.2440920579290853,1.0
LAMTOR4,129.56820008211616,0.6055525713796006,2.112498425736102,0.25
GNB2,127.12697894021817,0.6791619128370554,2.1042377264903087,0.5
GIGYF1,8.846080494466097,0.649066563856689,0.9467508868924362,0.25
POP7,304.859056301014,0.7051594496983686,2.484099100926372,1.0
TRIP6,160.7293109190004,0.7380284706134436,2.206095082797046,1.0
ZNHIT1,231.51271633591818,0.7057194658788299,2.364574850571446,1.0
FIS1,134.03385423507058,0.641429571903966,2.127214506204516,0.25
ARF5,339.124778292495,0.6883233102276812,2.530359522843733,0.75
SND1,34.11560623308717,0.6749946436874549,1.532953093081709,0.5
ATP6V1F,288.0069763551888,0.7367366820204813,2.45940300774488,1.0
PODXL,53.866867556649574,0.7053390727081741,1.7313217213707928,1.0
AKR1B1,175.56022746142284,0.7164964144107112,2.2444261348590646,1.0
CALD1,27.44697614854212,0.6868344596223053,1.4384945049121594,0.75
MTPN,43.26111391826829,0.7225492139694293,1.6360976977736448,1.0
NDUFB2,159.60469854435325,0.6787459247947416,2.2030456722393335,0.5
SSBP1,296.8118013066059,0.6973554071099479,2.4724811646004072,0.75
ZYX,123.38216921366643,0.6695628476456927,2.0912524014181235,0.5
RARRES2,681.903356934362,0.5794913824898109,2.8337228284333134,0.25
FDFT1,173.00276751708898,0.6661158201659996,2.2380530505726495,0.5
PDLIM2,61.607336116789824,0.6780754017516994,1.7896324304329085,0.5
DPYSL2,43.97942462735207,0.563155276660309,1.6432495432876046,0.25
CLU,47.612421520738714,0.683169459788546,1.6777202698246716,0.5
RBPMS,100.59846211019358,0.6945143309370039,2.002591341533409,0.75
EIF4EBP1,724.0236594536461,0.6805247001807262,2.859752758189242,0.5
FGFR1,67.05215763762052,0.7111311069712029,1.826412757355939,1.0
SFRP1,171.40822373352148,0.6908837488475876,2.2340316544390544,0.75
PRKDC,37.14821658330859,0.6905332980792421,1.5699379689278312,0.75
TCEA1,68.01113611517414,0.6722459492230947,1.832580029726782,0.5
RPS20,803.8925515363088,0.40268490906137794,2.9051980047269215,0.25
UBXN2B,14.674450871600564,0.6810305902831112,1.1665618586149988,0.5
TERF1,153.6261762885757,0.6933949694327289,2.1864652212236027,0.75
RPL7,1882.529194623492,0.6098522774259343,3.274741720047011,0.25
ELOC,42.49573157430981,0.7113199009897765,1.6283453101251486,1.0
FABP5,210.83779657678838,0.6811229683845605,2.3239484688427563,0.5
UQCRB,120.42363100345362,0.700679776184776,2.0807117178801793,0.75
LAPTM4B,90.71982373204374,0.7034171510771865,1.9577021977186384,1.0
RPL30,1818.5665620810087,0.5707533454697011,3.2597292014674157,0.25
COX6C,534.0909314127554,0.6971706043309106,2.727615203936493,0.75
PABPC1,329.069062779061,0.6967206861118175,2.5172870542910264,0.75
EIF3E,23.443382795573672,0.6907173560477591,1.370020278994983,0.75
ENY2,40.55512543958547,0.6807743337328453,1.6080457490394882,0.5
EIF3H,101.46241210564207,0.6903330416506283,2.006305182756843,0.75
NDUFB9,91.25474890697687,0.7183671162234762,1.960255474448291,1.0
SQLE,32.81633846960169,0.6839035152566652,1.5160901223856467,0.5
EEF1D,220.80366861456645,0.6853065257309157,2.344006284844419,0.5
PUF60,109.15301075335603,0.7077360251663148,2.038035719298806,1.0
CYC1,589.2140422614423,0.7002103005095432,2.7702730884828592,0.75
MAF1,111.90599314086731,0.6924794108855176,2.0488533458519456,0.75
BOP1,61.83929218119628,0.6663399724243879,1.791264509960076,0.5
HSF1,65.47142147126775,0.7099079854975384,1.8160517701327208,1.0
CPSF1,34.06362705261735,0.6975242538312366,1.5322908892246787,0.75
RPL8,5362.4624118523225,0.4746376862278504,3.729364261018919,0.25
DMAC1,54.03522558594791,0.701616196187226,1.7326769688977521,1.0
PSIP1,67.46241546449839,0.6980883416877148,1.8290618868698256,0.75
RPS6,1870.4287376684526,0.5441386536999687,3.271941166462629,0.25
NDUFB6,70.92971200483157,0.6891446602599082,1.8508281964907642,0.75
DNAJA1,78.5615439517965,0.6741652641709679,1.895210009951457,0.5
VCP,83.98651800451532,0.704253565203653,1.924209576226519,1.0
STOML2,310.82432655925214,0.7070004820817667,2.492515001367639,1.0
CLTA,60.99692293050349,0.7053504768748095,1.7853079270106151,1.0
TOMM5,46.599772937407714,0.6807138505992021,1.668383800546843,0.5
HNRNPK,81.99255811665073,0.6383119083948514,1.913774436340539,0.25
CKS2,604.1175200843907,0.6710124927460942,2.781121430938272,0.5
SEC61B,428.9759383877419,0.7077681296265024,2.6324329329341567,1.0
TXN,366.6199850047405,0.6724267552103312,2.5642161353144477,0.5
ATP6V1G1,125.4476527301681,0.712042361919125,2.0984625395775116,1.0
PSMB7,410.41917063241607,0.7078302414842518,2.613227638423018,1.0
NR6A1,180.16738532836106,0.6998865643355128,2.2556761759111232,0.75
RPL35,4040.109315389812,0.4799618862806623,3.606393116206718,0.25
ARPC5L,35.51698718388975,0.713188884542326,1.550436118567534,1.0
RPL12,3320.087292272631,0.5203170445710915,3.521149502394981,0.25
C9orf16,205.627622030755,0.6791465978877321,2.3130814531723622,0.5
SET,2628.74262028039,0.5820049854270443,3.4197480664928546,0.25
PTPA,71.70393784554923,0.6932089421198065,1.8555430069597345,0.75
AIF1L,90.28143929801044,0.7153006853026075,1.9555984741341372,1.0
RPL7A,2938.741163278939,0.6036154347812059,3.4681613362223316,0.25
MRPS2,119.51222163517738,0.630230126219106,2.077412319654984,0.25
RABL6,104.00657747763282,0.6763212653380652,2.0170608053748666,0.5
PHPT1,768.7907017084407,0.6969380815084457,2.8858081220315404,0.75
EDF1,585.8668240541488,0.688604733133598,2.767798905861839,0.75
SSNA1,240.86824299766846,0.6601966461903898,2.381779544705597,0.5
TUBB4B,397.03531508889563,0.7028678681911127,2.598829137660139,1.0
MRPL41,597.1179359832461,0.6609375632341781,2.776060116536932,0.5
GDI2,153.46784523774423,0.6849423726969217,2.1860173954571414,0.5
RBM17,60.65220073537237,0.6526684537700443,1.7828465636508748,0.25
ATP5F1C,132.54938702169497,0.6983178232809039,2.1223777236669172,0.75
CDC123,124.44004821774274,0.6970390106437508,2.094960170716122,0.75
SEPHS1,139.27819888359403,0.697790287498828,2.1438831419405924,0.75
VIM,99.56274862863782,0.70531108162381,1.998096877669105,1.0
TFAM,15.538260657838658,0.6954691678725552,1.1914024025614227,0.75
HNRNPH3,29.058356504905625,0.7114253747141869,1.463271047641468,1.0
TET1,15.902789586244305,0.6606143224304826,1.2014733127260324,0.5
DDX21,32.0960903776527,0.6972564769079697,1.5064521342484931,0.75
HK1,82.42746747359196,0.7074539015768774,1.9160719566538402,1.0
EIF4EBP2,64.30627027009257,0.6561277989660057,1.8082533214613141,0.25
PSAP,69.31243699382807,0.6876688054449741,1.8408111687124205,0.75
MRPS16,132.5451154205964,0.7180497055232394,2.122363727655917,1.0
CHCHD1,85.71878329335838,0.7097546663839481,1.9330759979655598,1.0
VDAC2,200.50431767576285,0.6910940823075385,2.3021237291884633,0.75
RPS24,441.3130216786991,0.5110294115245118,2.6447467422212,0.25
EIF5AL1,99.8735711209604,0.6732771087736945,1.9994505789681427,0.5
HELLS,20.633872914525558,0.6049569067843461,1.3145807513636367,0.25
PDLIM1,145.47847299813986,0.7048839424358321,2.162798733873174,1.0
PGAM1,421.0380025210846,0.649566520735868,2.624321296644105,0.25
SCD,118.4335984514752,0.6974530010279453,2.073474924955569,0.75
NDUFB8,314.17865318790984,0.7075330156714054,2.497176673645898,1.0
NPM3,145.26793078243867,0.6994527873119957,2.1621697504203743,0.75
NOLC1,36.441504353787344,0.699291730264661,1.5615962969250898,0.75
ATP5MD,199.42058777037101,0.6756087627456355,2.29976999195717,0.5
SMC3,34.56485687859846,0.6776218013311306,1.5386347629553647,0.5
EIF3A,51.37250105134744,0.7436724141164214,1.7107307097063944,1.0
BUB3,32.80237932274751,0.7179470037347024,1.5159053464331058,1.0
BNIP3,39.617526441259926,0.6854566672260772,1.597887356451221,0.5
ECHS1,224.76851985204416,0.6760657006485696,2.3517354856697117,0.5
PSMD13,135.7892915655717,0.6066524528325687,2.132865522541298,0.25
IFITM2,459.29239295968745,0.6834255156182354,2.6620892524656266,0.5
IFITM1,808.1985110510692,0.6960602065604199,2.9075180460040553,0.75
IFITM3,989.0454612947321,0.6757215898041485,2.995216254322842,0.5
TALDO1,184.20632198260415,0.6897760011348303,2.265304531154231,0.75
RPLP2,4841.554120001778,0.38772070152430543,3.684984790859685,0.25
POLR2L,391.60121673889455,0.6015313240002576,2.592844032523763,0.25
MRPL23,218.24672077910722,0.6957972518391902,2.3389477270248573,0.75
CD81,134.4502036384005,0.6654653185231731,2.128561464342635,0.5
NAP1L4,175.41885787319328,0.6930642341715618,2.2440762790530484,0.75
EIF3F,290.23150837579016,0.6446848940769516,2.462744558931937,0.25
RPL27A,663.2079767895968,0.4105705193423771,2.8216497410869574,0.25
EIF4G2,84.90504781337783,0.7036004127268117,1.9289335108838517,1.0
C11orf58,38.29165015748223,0.7007672172766802,1.5831040824314346,0.75
RPS13,3599.30239093537,0.5178650894918555,3.556218334899043,0.25
LDHA,293.704056785212,0.6999067615203864,2.467909945253696,0.75
NAV2,18.185981432400006,0.6633976863662728,1.2597367433436812,0.5
MDK,202.9321222273748,0.6531999209955803,2.307350797166026,0.25
ARHGAP1,76.3256558409715,0.7221599506150008,1.8826705447347507,1.0
PSMC3,158.51413708251715,0.663488736670683,2.200068000832235,0.5
NDUFS3,279.339740952323,0.7067207934173244,2.446132726064502,1.0
MTCH2,122.67643761457471,0.7316824139972196,2.0887611560714867,1.0
SSRP1,139.94292834196466,0.689068230607337,2.1459509573955464,0.75
TIMM10,406.4848776675954,0.7047428499546688,2.6090443933060268,1.0
SELENOH,394.20624296787287,0.6666761399605896,2.59572349783543,0.5
DDB1,30.54701312804958,0.6688315721640057,1.4849687515532684,0.5
TMEM258,1050.520753123436,0.5861630487643574,3.0214046363497427,0.25
FADS2,51.63766094089758,0.618851635377762,1.7129665615675,0.25
FTH1,1190.5527581916751,0.574228506101448,3.075748645506407,0.25
EEF1G,30.694078050035046,0.6504921416942387,1.4870545931228765,0.25
C11orf98,38.97641950259917,0.6927686862133351,1.590801940946697,0.75
UBXN1,69.7975341329375,0.6608004425467665,1.843840079766783,0.5
POLR2G,219.47234288721612,0.710655791824374,2.341379799802523,1.0
SLC3A2,96.77998532150623,0.6900999500329539,1.9857855519037342,0.75
PLAAT3,64.2713238781862,0.7268138823475226,1.8080172457182329,1.0
COX8A,2240.623153540625,0.5870665822440146,3.3503688194533567,0.25
OTUB1,178.02373428073201,0.710197277570471,2.250477906690971,1.0
STIP1,80.0620861521704,0.7055603630169617,1.9034269021889236,1.0
PPP1R14B,206.30837602023703,0.6838051848836734,2.3145168604769064,0.5
TRMT112,706.8759173296263,0.6525693536351013,2.8493431858641354,0.25
PRDX5,595.8908114271884,0.690161781633499,2.775166688701787,0.75
SF1,90.90076358772048,0.7083628466538614,1.958567531412733,1.0
ARL2,498.84013557929876,0.6956544400404446,2.697961388590351,0.75
FAU,1978.921135492578,0.5375202286625739,3.2964284869285483,0.25
ZNRD2,186.50433927575017,0.6623933978370398,2.2706889407108757,0.5
CFL1,748.3567708597327,0.6331597174138751,2.8741086923510695,0.25
FIBP,158.50125627750324,0.679293243169002,2.2000327087760114,0.5
CCDC85B,236.9597206190903,0.6954504577820724,2.3746745291343454,0.75
BANF1,271.0270967214028,0.672904314236707,2.433012712897636,0.5
MRPL11,150.7440623007585,0.7079202443257457,2.178240214604548,1.0
PPP1CA,265.1888799210077,0.6844603043939012,2.423555308985383,0.5
GSTP1,5511.63151155578,0.542274131305268,3.7412801744569975,0.25
NDUFV1,87.01828885998933,0.6839987716152054,1.9396105390121918,0.5
NDUFS8,772.381131527229,0.6759848218144129,2.8878316558716026,0.5
MRPL21,184.34904736153769,0.7259202710760212,2.2656408976964264,1.0
CCND1,44.92098734638194,0.6970192528767446,1.6524492933234574,0.75
CTTN,57.791589668996366,0.7002594929271175,1.761864640736982,0.75
LAMTOR1,224.899587566472,0.6718366912698707,2.351988659002686,0.5
COA4,120.41980183866565,0.6779694726949587,2.080697908202097,0.5
RPS3,3549.5610675414455,0.48612129991362407,3.5501746522859596,0.25
SERPINH1,49.430268022438995,0.6320807900332787,1.6939929653131074,0.25
NDUFC2,82.92195961038294,0.6810444184983561,1.9186695567831347,0.5
TIMM8B,319.61199488740147,0.6888545324340317,2.5046230698148473,0.75
ATP5MG,429.6414697584487,0.642673115213878,2.633106193590124,0.25
RPS25,2670.6247145049097,0.4852667610484518,3.4266128637343307,0.25
H2AX,94.94355193429331,0.6922646564111598,1.9774654750820302,0.75
HSPA8,340.3793409129933,0.6754629034876641,2.531963193011372,0.5
FKBP4,65.4150927495102,0.6788013944343871,1.8156779614987617,0.5
CCND2,34.87002605843378,0.7021081895619166,1.5424522719251526,1.0
MRPL51,385.1520668667733,0.6955808146607225,2.58563223278641,0.75
GAPDH,7613.642348405624,0.5378721437387001,3.8815924719317167,0.25
MLF2,230.3553669885054,0.6981559771889074,2.3623983352183453,0.75
TPI1,1660.4463565018468,0.6768281874823259,3.22022484955105,0.5
C12orf57,298.82426431789133,0.7084771439542933,2.475415858978443,1.0
PHB2,298.65021505629477,0.704664395969979,2.475162831816151,1.0
SLC2A3,52.86814158231056,0.6924677408329305,1.723194044380277,0.75
PHC1,94.77733656438116,0.6951173575275413,1.976704499978016,0.75
YBX3,84.15620863030593,0.6659345564554421,1.9250861616002206,0.5
H2AJ,153.22522487202335,0.6719883041051916,2.185330267391465,0.5
MGST1,166.21573472027018,0.6808181611095686,2.2206721336402255,0.5
LDHB,552.5201678879585,0.663012202865146,2.742348135103926,0.5
SINHCAF,84.25877612734135,0.7138616140684254,1.9256151466374656,1.0
H3-5,265.41634497021516,0.71046908756416,2.4239276642397756,1.0
AC073610.2,34.76715119257042,0.5553322353237231,1.54116910621291,0.25
ARF3,35.52884197012743,0.6933027136642411,1.5505810522914767,0.75
TUBA1B,790.1498422757056,0.6751051040908849,2.897709457749557,0.5
TUBA1A,221.44204869297386,0.7083569559935122,2.345260090713522,1.0
TMBIM6,100.40529004648333,0.6949401184857715,2.0017565950547493,0.75
SMARCD1,38.79249605796933,0.6901560826889451,1.5887477246716395,0.75
KRT8,126.04033425035016,0.6893061484775312,2.1005095462227663,0.75
KRT18,415.3357318845775,0.6884648913268397,2.6183992956481803,0.75
EIF4B,148.20867411648544,0.7024021273837844,2.1708736220689833,1.0
PCBP2,111.33481701240555,0.6785118190907028,2.046630999660829,0.5
ATP5MC2,635.5847480735484,0.6416655375379574,2.8031734670328707,0.25
CBX5,49.26187068350467,0.6649160582759299,1.6925108998314968,0.5
HNRNPA1,340.75718049427655,0.5797017246536497,2.5324450161316125,0.25
BLOC1S1,86.22625630303085,0.6601059116883309,1.9356395306880128,0.5
CD63,358.3893829930828,0.7174807742675061,2.554355135544175,1.0
RPS26,781.7133562403499,0.5025928250566153,2.893047532312662,0.25
PA2G4,159.54413397567714,0.7102532335128217,2.2028808409405127,1.0
RPL41,13814.803601596988,0.38075391903505856,4.140344715141131,0.25
MYL6B,74.59366510071303,0.6818512429088138,1.8727019463919132,0.5
MYL6,1030.5846357627681,0.48607994344611766,3.0130836635925635,0.25
CS,53.36685792511827,0.6776016008517456,1.7272716336457579,0.5
CNPY2,54.76014544345988,0.716592214687359,1.7384645929537013,1.0
ATP5F1B,548.6501531321114,0.6949115937446794,2.7392955047504,0.75
PTGES3,121.83015170743252,0.7316620284948568,2.085754785009665,1.0
NACA,62.64042550254718,0.695531896731686,1.7968546991262064,0.75
AC117378.1,59.428737609806625,0.6801896146037656,1.773996505036639,0.5
SHMT2,132.16584546125975,0.6915366023448785,2.1211192384768247,0.75
CDK4,96.28561620009881,0.6967820823022456,1.9835614141079432,0.75
CCT2,176.7611807887233,0.6994115095787873,2.2473868940461394,0.75
NAP1L1,53.61185604906507,0.6842539455784855,1.7292608428140734,0.5
CSRP2,120.77291741558852,0.6994560410810161,2.0819695573345784,0.75
METAP2,29.671642395836916,0.6826920927800617,1.4723415862126201,0.5
SNRPF,194.8823110459936,0.6472821066402747,2.2897724211404418,0.25
SLC25A3,373.75898592346994,0.709060523179086,2.5725916427774758,1.0
HSP90B1,84.66493930948886,0.7341301081712962,1.9277036013962214,1.0
TDG,40.461037433516694,0.688303941470223,1.6070370140224144,0.75
ARPC3,91.7911185316502,0.6856872057801924,1.9628006620368148,0.5
PPP1CC,60.54056819160759,0.6767187968382677,1.78204649262521,0.5
ERP29,80.22524638729186,0.6762873977526042,1.904311059572178,0.5
RPL6,1287.5730331664076,0.60412303846108,3.109771872277582,0.25
PEBP1,725.495176902355,0.6934324151274947,2.8606345295902185,0.75
SUDS3,16.887070414809223,0.6990048629371618,1.2275543142817023,0.75
RPLP0,4235.874547175811,0.4942440188059592,3.6269430892361822,0.25
COX6A1,1146.3968233684188,0.6558330553232816,3.0593349739738325,0.25
SRSF9,107.03784035454366,0.7000412383124903,2.029537337983852,0.75
DYNLL1,544.3492386951718,0.6697614893304769,2.735877619869966,0.5
RNF10,43.12494045867959,0.7350222204995898,1.6347285084642929,1.0
DENR,59.250121875461005,0.7194982978805303,1.7726892480118588,1.0
ARL6IP4,73.35342638639756,0.6893070175002779,1.865420404831662,0.75
CDK2AP1,116.07196041377729,0.7013026955621642,2.064727319580873,1.0
UBC,17.264180798661506,0.702406059364295,1.2371459754997411,1.0
RAN,415.7620610220474,0.6806695691292002,2.618844856711387,0.5
PGAM5,53.21249935862055,0.6743583268608867,1.7260136579505665,0.5
SAP18,132.6533997905504,0.6992035859627674,2.1227183850485,0.75
MRPL57,98.6475451902583,0.6825974318766145,1.9940862824560284,0.5
RPL21,2295.593501730674,0.501944731052664,3.360894986694147,0.25
POMP,309.85921228043674,0.6870017508279443,2.491164412485327,0.75
HMGB1,315.5079712441334,0.6104882578111516,2.499010336079706,0.25
TPT1,191.77254202893033,0.6621672499546238,2.2827864250506087,0.5
ITM2B,12.855988061727729,0.6809073102990021,1.109105460462804,0.5
HNRNPA1L2,223.08892401447937,0.6448603533594526,2.348478008836947,0.25
COMMD6,122.9316398970157,0.714222270452338,2.0896636751094855,1.0
ZIC2,45.25669344605608,0.6804815735293834,1.6556828202640919,0.5
ARGLU1,89.97438643748515,0.6867394939831661,1.9541188937498106,0.75
APEX1,218.86323095944854,0.6892884112450746,2.340172806187833,0.75
HNRNPC,280.56416190731227,0.7034030333553373,2.4480321952742643,1.0
SUPT16H,125.9952610000981,0.7130927217147529,2.100354210512704,1.0
SALL2,75.0589990295529,0.7300268981516286,1.8754027684591532,1.0
MRPL52,207.65040058201572,0.6491288831317702,2.3173327732517777,0.25
PSMB5,845.9360384573969,0.7127929474219854,2.9273375271109643,1.0
ACIN1,22.031541064805417,0.6523683885917188,1.343044876294363,0.25
PSME1,83.08010228149656,0.7053505713261174,1.9194970225316004,1.0
PSME2,168.56366548541737,0.6974546304653814,2.226763966612751,0.75
NEDD8,920.2521564830138,0.7088493480368556,2.963906843828648,1.0
AL121594.1,25.14283912442316,0.7032510022096032,1.4004143165660021,1.0
FKBP3,120.27893777014734,0.6974810390155782,2.0801895840227553,0.75
RPS29,876.8327114311238,0.30507890621502565,2.9429167433859993,0.25
RPL36AL,565.0917448342606,0.6644400955766471,2.7521189629356355,0.5
RTRAF,21.96660623202012,0.7136704524827099,1.3417629650426501,1.0
CHURC1,34.19880515491104,0.6970079614677592,1.534010932848716,0.75
ERH,93.38704348712376,0.6284003734517403,1.9702866264188557,0.25
SRSF5,44.6637243360399,0.6816736697619556,1.6499549343904165,0.5
COX16,23.33751487385202,0.696203076911027,1.3680546077489846,0.75
VRTN,83.80237582037842,0.6765288184335958,1.9232563311726896,0.5
NPC2,120.13253843091016,0.6198391537666192,2.079660653923005,0.25
SLIRP,412.31159170046766,0.5671471844502456,2.6152255446989634,0.25
CALM1,165.97151410225962,0.6707908126876952,2.2200335559328983,0.5
NDUFB1,232.25058845727398,0.6796276632041647,2.3659568230464036,0.5
ITPK1,25.000075358837822,0.6807378339693024,1.3979413177871618,0.5
HSP90AA1,429.61622610417555,0.696003741417824,2.633080675797709,0.75
EIF5,66.64185314960298,0.7287036461526423,1.8237470652513221,1.0
CKB,380.60010159614836,0.7044595260333985,2.580468899880168,1.0
ATP5MPL,215.20634565587284,0.6844002240293006,2.3328550729548474,0.5
SIVA1,878.6874021577644,0.7054103990248733,2.9438343999160135,1.0
SNRPN,810.1463648674992,0.657461978226755,2.908563487658818,0.5
SNURF,40.68747489567312,0.6525533135725562,1.6094607379510015,0.25
AC124312.1,91.43249079765687,0.6733232309063711,1.961100550949603,0.5
TJP1,22.451346181233824,0.7207607128396616,1.3512423863885037,1.0
NOP10,755.6227142403707,0.685265997239512,2.8783050044654983,0.5
GPR176,48.73564391505195,0.7065204655106986,1.6878467085130362,1.0
SRP14,625.0737228164965,0.6565091136367596,2.7959312421828146,0.25
CHP1,71.9782832949724,0.6848082210926504,1.8572014843784186,0.5
RTF1,28.883836870049144,0.6586716866225967,1.4606548835239583,0.5
SERF2,771.8602117517542,0.4273920089496219,2.8875386542710837,0.25
HYPK,19.488021365945972,0.6981270460427667,1.2897677470974525,0.75
DUT,47.49411658764037,0.7018617242242255,1.6766398140085148,1.0
EID1,131.48532605710415,0.7029874828952649,2.1188772876697195,1.0
TPM1,147.36525617022298,0.6703065547455881,2.1683951033862536,0.5
RPS27L,197.15571734032847,0.695709253372122,2.2948093757452956,0.75
PPIB,702.350999700184,0.6922978888426748,2.846554204916646,0.75
OAZ2,146.18353358625615,0.7112309616369848,2.1648984555535953,1.0
RBPMS2,86.36746581904823,0.6655740996825941,1.9363501767825322,0.5
RPL4,481.90710306906897,0.6928747313760176,2.682963327631291,0.75
RPLP1,4955.5081063644875,0.36782985172841515,3.69508819090545,0.25
PKM,244.9020712577942,0.667851470660288,2.3889924581832145,0.5
ARID3B,77.95348346194409,0.6721994016536652,1.8918355270232292,0.5
COX5A,539.3386558742576,0.6710421057099889,2.731861548475158,0.5
IMP3,111.3814690727952,0.6932638218923597,2.0468129417455243,0.75
CRABP1,194.7618006709759,0.6719374898259723,2.2895037811637184,0.5
PSMA4,124.62954805723102,0.6888483980276944,2.0956210201471412,0.75
MORF4L1,180.2374640902869,0.6393463097971612,2.2558450683110767,0.25
RPS17,82.42724844937196,0.3948019712764404,1.9160708026557927,0.25
AC245033.1,440.0278165831136,0.4600813126307722,2.643480131501422,0.25
SEC11A,90.10725323531605,0.6907770149022694,1.9547597511709405,0.75
AEN,105.90869599875614,0.6999694929521392,2.0249316208178136,0.75
MFGE8,66.63324897456738,0.64586646554254,1.8236909895749966,0.25
LRRK1,6.580956225919458,0.5341930219519319,0.8182890020437498,0.25
SNRPA1,118.85906632319265,0.7235685033058749,2.0750323144105134,1.0
POLR3K,152.75949930216098,0.6886951958973193,2.1840082262221956,0.75
SNRNP25,331.75820569710777,0.7125598741278962,2.520821673495483,1.0
MRPL28,164.20205989228617,0.6494515641569749,2.2153786009822154,0.25
NME4,275.75648369240423,0.7135939037716966,2.440525732531013,1.0
METTL26,202.66431063937202,0.6737428161563778,2.3067772757918843,0.5
NME3,148.47641538002088,0.653858198035216,2.1716574739645704,0.25
MRPS34,338.74833918632964,0.685438380499294,2.5298771746308586,0.5
NUBP2,222.44683120897017,0.6287226652984432,2.347226223533106,0.25
NDUFB10,784.2981048902013,0.6900812188891492,2.894481165619905,0.75
RPS2,13303.060013386257,0.434642148386112,4.123951550295817,0.25
NTHL1,254.53926049530406,0.6784032478218814,2.4057547780340514,0.5
MLST8,84.70780377745258,0.6742549537340549,1.9279234219170978,0.5
PGP,126.69325574058102,0.6948700834624306,2.1027534967097368,0.75
RNPS1,131.28215745008865,0.6993772278323466,2.1182057051639394,0.75
CCNF,55.44233562120992,0.7153139540495518,1.7438415175279434,1.0
TEDC2,82.42739741460399,0.6494199741303528,1.9160715875263425,0.25
SRRM2,36.24788043636552,0.6845003136097034,1.559282616653133,0.5
ELOB,1234.9955117582679,0.5393608004992767,3.0916653792781466,0.25
CLDN6,241.24302783665445,0.691138422202625,2.382454770654905,0.75
THOC6,107.86635657185172,0.6985132812430312,2.032886009710122,0.75
ZSCAN10,150.5630093663514,0.6786903488107286,2.177718286596858,0.5
TRAP1,118.04969106299593,0.6520011534184722,2.0720648548640326,0.25
CARHSP1,98.79260092326523,0.67300259956259,1.9947244192988918,0.5
RPS15A,657.3111513010938,0.5444136434980118,2.817771000160256,0.25
NDUFAB1,438.6774190595985,0.6959376094885872,2.6421452796517872,0.75
PLK1,88.4895011965067,0.6932109477105963,1.946891747049267,0.75
EIF3CL,14.3146759730239,0.6242467157494027,1.155781521779874,0.25
TUFM,150.4481375822765,0.7172016758989117,2.1773868159195913,1.0
QPRT,141.7415789441343,0.7314137149637909,2.151497266318156,1.0
ALDOA,26.404726211006157,0.5202973216325661,1.4216816686748945,0.25
PPP4C,154.5254816911921,0.701836673779565,2.1890001060609876,1.0
BOLA2B,82.1761778152747,0.6300595749420261,1.9147459374571452,0.25
DCTPP1,207.58488679076936,0.7086222803262504,2.317195731535295,1.0
VKORC1,352.65791594647953,0.6803295402231037,2.547353636694135,0.5
FUS,87.70983526638996,0.6277414190419233,1.943048295332144,0.25
GOT2,75.78547022576402,0.7084052840208999,1.879585949620987,1.0
NAE1,84.03548189740842,0.7008370907984779,1.924462694855155,0.75
CIAO2B,281.4764006966002,0.7071842256107513,2.4494419889675525,1.0
NUTF2,97.08685801286798,0.6888321354435191,1.9871604463985564,0.75
PSMB10,141.45302435099308,0.6734205255268011,2.15061223737029,0.5
NOB1,56.2154561496517,0.7082568513519683,1.749855739014509,1.0
EXOSC6,31.148606513506895,0.6884030887974868,1.4934386225190626,0.75
AARS1,83.89850550955398,0.7142178668843961,1.9237542247770352,1.0
IST1,39.4874511692734,0.7266248585277857,1.5964591018589926,1.0
PSMD7,166.16398212746674,0.7107642006789752,2.2205368915389716,1.0
BCAR1,48.78046716769545,0.644003002597602,1.688245955210609,0.25
CFDP1,53.74773214697505,0.6691491459515969,1.7303601441814442,0.5
HSBP1,36.96070474344929,0.6884021683374969,1.5677402434807863,0.75
COTL1,88.77948360567557,0.6773200210832856,1.948312614581465,0.5
COX4I1,1345.6295716935192,0.6414976705423993,3.128925522658799,0.25
SLC7A5,50.07631294608893,0.7019446499681634,1.6996323448406276,1.0
CYBA,78.82609931566758,0.7018263736533059,1.8966700361709625,1.0
CDT1,96.12144112923008,0.677999493321651,1.9828202734695706,0.5
APRT,1142.8626677250902,0.6755714072432887,3.0579940464648168,0.5
TRAPPC2L,74.2276032312329,0.7053755261011198,1.8705654376474596,1.0
RPL13,5711.263142289725,0.4596549686402022,3.756732170427708,0.25
YWHAE,400.0737319324492,0.6082592890123886,2.6021400373792583,0.25
PRPF8,46.63474483945363,0.7259532717986767,1.6687096048767127,1.0
PSMB6,1656.7416268783352,0.6695917810012465,3.2192547843576125,0.5
PFN1,1369.6566400262511,0.5653528420737703,3.136611707279218,0.25
SPAG7,154.87848364183105,0.6854868414577859,2.1899910879678752,0.5
C1QBP,387.13483125411096,0.6973585681853088,2.5878622473740682,0.75
TXNDC17,211.75492283491909,0.6727819999858445,2.32583351550895,0.5
RNASEK,430.7160719900021,0.7019265859404004,2.6341910775818294,1.0
GABARAP,42.83935746922995,0.7098308776762041,1.6318429483955665,1.0
EIF5A,43.88925883740128,0.6736539549333143,1.642358246929625,0.5
TMEM256,223.68722071460297,0.6980672652656258,2.3496411734946494,0.75
NAA38,94.13211347911219,0.6079334668444466,1.9737378096920837,0.25
AURKB,172.23620196304154,0.6599745746058872,2.2361244401510123,0.5
PFAS,53.0506446024425,0.6968443269601383,1.7246906652511769,0.75
RPL26,1200.2766069728393,0.586280984456959,3.079281341913362,0.25
CENPV,350.1280671770177,0.6838002137384225,2.5442269263363566,0.5
UBB,954.8433395901441,0.5895978004040908,2.9799321230679383,0.25
LRRC75A,424.6532086778763,0.5003827024105139,2.6280344099604784,0.25
USP22,101.64457049504794,0.664941519223505,2.007084185069313,0.5
MTRNR2L1,26.58871506447964,0.4423600431513262,1.424697349972037,0.25
TMEM97,95.06980828817927,0.7186404302523672,1.9780426181397956,1.0
RAB34,379.77726951080905,0.660135702104594,2.579528967716842,0.5
RPL23A,2711.612101784882,0.4784873195837196,3.4332275634755915,0.25
FLOT2,75.64741758528875,0.6693057221874392,1.8787941068786773,0.5
GIT1,33.46480135110544,0.6666317842960378,1.5245882513513282,0.5
PSMD11,94.01804488173204,0.695753645387043,1.9732112157322197,0.75
PSMB3,712.826462452774,0.7145591064971253,2.8529838137615555,1.0
RPL23,945.8820461494103,0.4122900722439918,2.9758369821730963,0.25
RPL19,1767.4344130138754,0.5495528086770864,3.2473433067152433,0.25
ERBB2,30.725277071061708,0.6928859705439693,1.4874958079096925,0.75
KRT19,271.308046672281,0.7110367365595883,2.433462674607691,1.0
EIF1,261.87206984299854,0.7081446874704805,2.4180891808998264,1.0
ACLY,69.70101458862344,0.7104489580916188,1.843239099863197,1.0
CNP,50.77040339308986,0.6926257508883764,1.7056106140781717,0.75
TUBG1,162.89067866762386,0.7076193908774662,2.2118962327490195,1.0
RPL27,2598.8107201179673,0.42334866943059973,3.4147746495657323,0.25
VAT1,127.75305967770348,0.7257676982955917,2.106371310256696,1.0
ETV4,68.37979285497066,0.6936825427931037,1.834927780840812,0.75
G6PC3,110.4945384264493,0.6955094213768462,2.0433408120494096,0.75
SLC25A39,411.7928826561007,0.706500749203332,2.614678836089945,1.0
KPNB1,78.17131073096336,0.7009187190736723,1.8930473940148416,0.75
ATP5MC1,731.2637746825371,0.6861403240094832,2.864074059893344,0.5
SNF8,102.5182856719836,0.7045766557996601,2.0108013352275527,1.0
IGF2BP1,66.83570042564503,0.6978781591907466,1.8250085037366561,0.75
PHB,224.9069708031766,0.7060112469039586,2.3520029162379354,1.0
MRPL27,174.23615993572878,0.6881530351619174,2.2411382909177786,0.75
ANKRD40,18.86645635392017,0.6879808589631323,1.2756903352226179,0.75
NME1,567.9549834013048,0.677084915186219,2.7543139145223217,0.5
CLTC,13.015888098841017,0.6566426446665086,1.1144738061961066,0.25
PSMC5,171.79084415707547,0.6824922535068898,2.2350000137558776,0.5
DDX5,50.11853879242365,0.7187513555495724,1.699998400637395,1.0
KPNA2,110.1796412665479,0.7163753767089857,2.0421013540219426,1.0
RPL38,2314.6639858337085,0.48910293619061096,3.364487954451235,0.25
SLC9A3R1,63.92068735123928,0.6936121216319769,1.8056414363817386,0.75
ATP5PD,432.1821533107098,0.6874658397415209,2.6356668290009306,0.75
NT5C,178.77091126038883,0.6749328547072707,2.252296853907104,0.5
JPT1,296.2027494511719,0.6965993868502697,2.4715890854678713,0.75
SUMO2,97.50534005551935,0.6969677627962436,1.9890284012691783,0.75
H3-3B,129.49374906795373,0.614185999816859,2.112248804627181,0.25
SRSF2,124.84558517371946,0.690473826956254,2.0963731893097735,0.75
SEPTIN9,67.5234050059735,0.6555260042292562,1.8294543343584069,0.25
TK1,135.658990910668,0.7091183496481684,2.132448582273758,1.0
BIRC5,179.4560379794718,0.6847727360749499,2.2539580751911403,0.5
ACTG1,1522.2771964169006,0.6612421163697965,3.182493741733477,0.5
MRPL12,103.58410140760216,0.595544190289196,2.015293102891815,0.25
MCRIP1,248.758458378625,0.6798696070615441,2.395777856713077,0.5
P4HB,95.452162994656,0.6684413642456014,1.979785774175469,0.5
ANAPC11,328.2430504604038,0.6443834639880873,2.516195540005544,0.25
CENPX,250.44008315133573,0.7061821992732047,2.398703839307937,1.0
DCXR,441.26137976539985,0.7245791540015736,2.644695918635178,1.0
GPS1,129.92457679166426,0.7100185421824835,2.1136913108530324,1.0
FASN,40.166164443403524,0.6648575778259559,1.6038603619632879,0.5
NARF,98.52905003666444,0.7093677657940087,1.9935642955795023,1.0
MYL12A,196.2135592920584,0.699749419792498,2.2927290158994102,0.75
MYL12B,158.5629400194032,0.7237695801748242,2.200201689754508,1.0
IMPA2,103.02342562437279,0.6935347717931635,2.0129359864786283,0.75
SNRPD1,46.613216942625336,0.704766686952217,1.668509076161941,1.0
SS18,21.897910038353043,0.6676664995920899,1.3404026672545803,0.5
ATP5F1A,112.13640690048626,0.7060944017879663,2.0497466362257195,1.0
RPL17,504.92650745713064,0.5357236045348358,2.7032281707354513,0.25
NARS1,45.20298366923038,0.668452379382292,1.6551671018095375,0.5
CYB5A,62.70587543779705,0.7222375569340728,1.7973082354187009,1.0
CNDP2,56.376279000076394,0.6511861124287044,1.7510964077707112,0.25
TXNL4A,41.75967786550196,0.7167511281187257,1.6207571398559268,1.0
CDC34,122.9442787603551,0.653779635936567,2.0897083235536327,0.25
BSG,186.94920487050075,0.6740293092713417,2.2717236223595174,0.5
PTBP1,104.02526453509412,0.6779324102249731,2.0171388288724406,0.5
WDR18,257.73869263471005,0.6883870875594926,2.4111796212530554,0.75
CNN2,358.1260456342469,0.6653538857298368,2.554035907339446,0.5
POLR2E,202.1410953093195,0.6885492771446603,2.305654614612536,0.75
GPX4,672.8147161951053,0.640363097112991,2.8278954820354456,0.25
ATP5F1D,595.7505358788903,0.6560737644950981,2.7750644416674914,0.25
MIDN,25.61914878074744,0.6204090655302452,1.4085646958237463,0.25
CIRBP,54.66533533702369,0.7129331462427612,1.737712016569045,1.0
FAM174C,161.47760265553836,0.6426051758997054,2.2081122931212374,0.25
NDUFS7,229.69655391542165,0.6975263709043813,2.361154479623658,0.75
RPS15,4650.218447693845,0.4173146181101278,3.6674733546963356,0.25
MBD3,61.95154842255313,0.666463348889218,1.7920521656429378,0.5
UQCR11,459.5381904953072,0.6449361939988967,2.662321609807347,0.25
AP3D1,60.9985833145782,0.6916474666063585,1.7853197486860803,0.75
OAZ1,1274.138563813091,0.64515688803579,3.105216660516692,0.25
LSM7,841.9202747769511,0.6626124539285491,2.9252709681460285,0.5
TIMM13,504.0648820914633,0.6554512964150232,2.702486441446952,0.25
LMNB2,27.348305794996186,0.6915398909620292,1.4369304273175483,0.75
TLE5,46.0678213559206,0.6655589586714452,1.6633976740396426,0.5
NMRK2,280.7157594983613,0.6786385548735479,2.448266794789952,0.5
EEF2,408.21279080758967,0.659736859955148,2.610886608636116,0.5
MAP2K2,143.78810447583186,0.6406208035080677,2.157722958548973,0.25
RPL36,2547.0972492363826,0.46476437322828673,3.4060455268248044,0.25
LONP1,55.0163024802613,0.6718386702080515,1.740491399096567,0.5
NDUFA11,118.8364526029793,0.6492256881368983,2.074949679163724,0.25
ALKBH7,212.2682490221051,0.6691655373857902,2.326885037473866,0.5
PET100,240.50967197223866,0.6872266749304649,2.3811325459893147,0.75
CD320,250.13091101627037,0.7005382660021585,2.3981673648783137,0.75
RPS28,1295.5456478428355,0.46007373152757713,3.112452719720142,0.25
HNRNPM,245.19336526765406,0.6719879881256694,2.389508714351145,0.5
ZNF121,33.38564248838933,0.6953810713037439,1.5235597384091681,0.75
UBL5,751.4425306185899,0.6001801651659127,2.8758957718961766,0.25
PIN1,155.04147573132082,0.6548640213273303,2.190447893471649,0.25
EIF3G,254.21109902779313,0.6688647748309565,2.4051945082215136,0.5
ILF3,81.01561073488492,0.6911039092553259,1.908568710271216,0.75
SMARCA4,46.42016025504683,0.6818108594602861,1.6667066354254223,0.5
TRIR,171.94658240547716,0.7026963691980144,2.2353935482464715,1.0
PRDX2,931.8618436059172,0.6989102960725164,2.9693515292990833,0.75
RNASEH2A,173.59904428165186,0.687992706039029,2.239547329916813,0.75
CALR,249.2488057616547,0.5064804695154836,2.3966330861316734,0.25
GADD45GIP1,344.7507650968348,0.6714049081636255,2.537505238667945,0.5
IER2,51.076464256127146,0.6954157734138569,1.7082208258035707,0.75
C19orf53,354.56192729003277,0.6814426175831844,2.5496920994105103,0.5
DDX39A,143.62389943907206,0.6975014708137898,2.157226713798209,0.75
TECR,143.13713805995712,0.6632774346169065,2.155752329510634,0.5
NDUFB7,1154.2211957365992,0.6146555311129166,3.062289045286215,0.25
TPM4,105.97141536617376,0.7263499336774012,2.02518873486026,1.0
NR2F6,135.24400030058172,0.7021198466949835,2.131118008017829,1.0
BABAM1,102.79780685215277,0.6608184557051772,2.011983849268515,0.5
MRPL34,83.39774008872777,0.6809015741986937,1.9211542822889032,0.5
RPL18A,6847.442498544976,0.4263771313628868,3.8355283939498075,0.25
CCDC124,118.93186740743988,0.6967208401406623,2.0752982380069853,0.75
LSM4,173.29507689815904,0.696445969151971,2.2387862251124564,0.75
UBA52,1280.7886176313527,0.47137479553481,3.107477459353264,0.25
COPE,176.53482570935836,0.6837999095909595,2.246830393131541,0.5
GATAD2A,15.441796183915068,0.5974767324381809,1.1886978159085355,0.25
UQCRFS1,76.51875472357126,0.7161219145615803,1.8837678936463969,1.0
GPI,222.07804183666212,0.6811482080671989,2.346505619419206,0.5
DMKN,40.59717333062998,0.6612736801570546,1.6084957959011839,0.5
TMEM147,638.3936407242875,0.7163351329261332,2.80508855219589,1.0
COX6B1,1326.2985147119512,0.6381689320706607,3.1226412832704398,0.25
POLR2I,781.0888864038901,0.6856388392072648,2.8927004585612646,0.5
TBCB,245.33073173214703,0.7008629815528953,2.3897519541815724,0.75
CAPNS1,214.53775053035815,0.6955789595720385,2.331503722648959,0.75
PSMD8,205.5993287149991,0.7000872819315529,2.3130216923473257,0.75
EIF3K,682.0428303754941,0.7062482121341936,2.8338116479873845,1.0
HNRNPL,62.59188086047893,0.42972701511202843,1.7965180021213445,0.25
MRPS12,436.5744604538145,0.693260071809723,2.6400583259484676,0.75
RPS16,2042.0247843057991,0.36827743664784374,3.310061008868387,0.25
TIMM50,89.49998647181948,0.7185274811414529,1.9518229696710563,1.0
FBL,598.1072525042589,0.6837930917255638,2.7767790685941556,0.5
SNRPA,77.24706169743457,0.6805783599230935,1.8878819688365516,0.5
RPS19,4364.189164577929,0.3894116544483289,3.6399035666990467,0.25
RABAC1,389.65005496565556,0.6975891645520708,2.5906747418385896,0.75
PAFAH1B3,473.9884244680187,0.7070993659458891,2.6757677356592118,1.0
TOMM40,70.08659052897212,0.5880459255734702,1.845634933567952,0.25
APOE,695.0760066405069,0.658175869270522,2.8420322973378993,0.5
SNRPD2,1312.5339517643522,0.619182486834325,3.118110546267099,0.25
SLC1A5,102.71407962580558,0.7059370639543509,2.011629978988575,1.0
AP2S1,281.5900236662142,0.6600695580407924,2.4496172643072125,0.5
TMEM160,415.03539416736766,0.6680204522605564,2.618085134871421,0.5
ZC3H4,25.342258977863064,0.7024330005950884,1.4038453247500293,1.0
SAE1,119.36852735360984,0.701900155663017,2.0768898360194714,1.0
NOP53,350.9694983512205,0.6671796399859055,2.545269374946304,0.5
SELENOW,749.4126501851991,0.649524636521333,2.874721019768265,0.25
KDELR1,86.63538807133648,0.7011506357337826,1.9376953250983298,1.0
RPL18,4271.790221882447,0.5311854144449156,3.630609917307992,0.25
FTL,5675.735881560503,0.4887091519517866,3.7540221775095937,0.25
RUVBL2,187.2495111867359,0.7151448978204,2.2724206926509147,1.0
SNRNP70,36.86899607513383,0.5806866619906345,1.5666613121391897,0.25
PIH1D1,197.0665223425876,0.6701238692749384,2.2946128526063454,0.5
ALDH16A1,39.65800402171492,0.6772898160383913,1.5983308524772306,0.5
RPL13A,6323.88894785188,0.3870320309900328,3.80098423479613,0.25
RPS11,6478.48643412591,0.4425562468046267,3.811473553696615,0.25
NOSIP,224.44054926098224,0.6956174545404302,2.351101322857662,0.75
IRF3,83.19768986021634,0.6897058799116144,1.9201112674579195,0.75
PRMT1,273.95713503870525,0.6879575526860853,2.437682615840579,0.75
PTOV1,222.5708692433324,0.6991177535848895,2.347468321926989,0.75
NUP62,57.113598327546285,0.7099602318065681,1.756739522878271,1.0
PPP2R1A,72.54332309668106,0.7041276975483747,1.8605974460541133,1.0
NDUFA3,250.1423863857468,0.6669701571784381,2.3981872887466,0.5
RPS9,3280.4636317331983,0.5287570137622418,3.515935227392773,0.25
TNNT1,79.05275028805906,0.6736749029541037,1.8979169838716425,0.5
HSPBP1,110.7263387410444,0.6250293495960693,2.0442509398426263,0.25
RPL28,1541.8173890721966,0.46221282109009115,3.188032939464224,0.25
UBE2S,167.57858852794516,0.6500360922665298,2.224218528147506,0.25
ISOC2,194.81149818682763,0.7116298191659947,2.289614586278335,1.0
RPS5,3727.7110329652955,0.48700154324191963,3.5714422390755414,0.25
TRIM28,285.05354103141735,0.6838976854814697,2.454926440326479,0.5
SNRPB,637.338632542378,0.6620884342450342,2.804370244215731,0.5
NOP56,140.78824084759052,0.6814587264868543,2.1485663824462042,0.5
MRPS26,253.3444229030963,0.7171122280417889,2.4037113482198613,1.0
C20orf27,126.56650575593324,0.6484411645034017,2.102318790278802,0.25
DSTN,45.133956904287075,0.6556783303565125,1.654503409885449,0.25
SMIM26,154.77356413052547,0.685973106428028,2.189696783655176,0.5
XRN2,60.76699583602861,0.7242209146911066,1.7836677664759115,1.0
HM13,65.07721944718165,0.6380076639126139,1.8134289885711614,0.25
ID1,94.68616330632224,0.6741184358918378,1.9762865192486871,0.5
DNMT3B,90.50437826112423,0.7006495660308598,1.9566695892455706,0.75
RALY,32.38360316371193,0.6781603037663951,1.51032516890959,0.5
EIF2S2,101.75113499597379,0.6652996162476307,2.007539262317299,0.5
AHCY,208.58236695459897,0.7149133175503927,2.319277591444303,1.0
EIF6,457.2584325820935,0.711811036908053,2.660161723312156,1.0
ERGIC3,211.95745620394004,0.7009385947285102,2.326248698711601,1.0
ROMO1,893.1866803543801,0.636023260855237,2.9509422380315935,0.25
RBM39,24.066431066901867,0.6904862829361583,1.381411691319009,0.75
SCAND1,386.3072938999373,0.6993661658616891,2.5869329081722325,0.75
SRSF6,18.02285049525538,0.6643764698247742,1.255823480120151,0.5
MYBL2,106.57797597600529,0.6960069059345666,2.0276674682899665,0.75
YWHAB,205.77462787570752,0.692837046584612,2.313391824980014,0.75
UBE2C,533.6921975237228,0.6948888820246302,2.7272908535490203,0.75
CSE1L,51.23562642409546,0.6226766405047671,1.709572050406209,0.25
PARD6B,34.40159702474272,0.7013938314620461,1.536578604284727,1.0
SALL4,66.09802227109944,0.6557023122143809,1.8201884650893017,0.25
GNAS,155.93037674356313,0.6936210885294148,2.1929307281908663,0.75
ATP5F1E,80.49069154714215,0.6371713315263995,1.9057456587099966,0.25
PSMA7,770.7273782752275,0.6772118988871758,2.8869007865488303,0.5
ADRM1,123.98166061100196,0.6954520348970162,2.093357448997043,0.75
RPS21,250.00516478159324,0.5514699346912534,2.397948980723945,0.25
YTHDF1,24.926507785900927,0.6908069385131655,1.396661437928182,0.75
U2AF1L5,45.720767634599945,0.6583011625651998,1.6601135134264855,0.5
ATP5PF,151.41369736583206,0.7116085795659398,2.180165164604745,1.0
CCT8,110.231191458454,0.6932653813916687,2.0423045016079056,0.75
SOD1,460.0495617566372,0.6849266567450241,2.6628046213292986,0.5
SON,34.275705031861214,0.7126663356604611,1.53498639674522,1.0
ATP5PO,436.4648693685684,0.6874474148589654,2.6399492935092352,0.75
MRPS6,126.8583847029319,0.643798473332845,2.1033191771933266,0.25
CBR1,144.4220375338443,0.7234703711693298,2.15963346781186,1.0
NDUFV3,31.02135674455535,0.6822180510550363,1.4916607881193784,0.5
CBS,132.17311724389754,0.6620281273425264,2.1211431327604497,0.5
CSTB,228.85817863646193,0.693769610321366,2.3595664372929965,0.75
PFKL,42.66403009816905,0.6681673403925632,1.6300618770564095,0.5
SLC25A1,380.0244015872738,0.6889605404239363,2.5798114838127586,0.75
RANBP1,236.633717045473,0.6835664102627351,2.374076625682966,0.5
SDF2L1,182.40725178206756,0.6946400149919641,2.2610421001455285,0.75
MIF,4061.263315963641,0.47918204980949825,3.6086611483087303,0.25
AC253536.7,165.7644063020529,0.5800694974809724,2.2194912825103197,0.25
SNRPD3,54.32889935373413,0.6574188542112096,1.7350309067741645,0.5
EWSR1,95.74527324925972,0.6907807528025334,1.9811173429285525,0.75
AP1B1,42.20797829451081,0.6570180560493523,1.6253945505300174,0.5
NIPSNAP1,109.73172757178023,0.6746226339445153,2.0403322166095954,0.5
UQCR10,394.9659295469553,0.6610139262867917,2.5965596342393065,0.5
YWHAH,78.35410505641813,0.6846052351016719,1.8940617545588907,0.5
MCM5,60.628373836861854,0.6904305354202066,1.7826759198241349,0.75
EIF3D,110.16304973001952,0.7132448943276889,2.0420359503297068,1.0
MPST,154.5455972271509,0.6784607170660892,2.1890566371755154,0.5
EIF3L,123.90682618576575,0.7102280017395143,2.093095232874432,1.0
POLR2F,286.8839177268679,0.696372280040672,2.4577062030447343,0.75
DDX17,82.22722488497186,0.7096690870506362,1.91501563335194,1.0
TOMM22,106.69770347320487,0.6580991864523957,2.0281550719113666,0.5
APOBEC3C,94.79604318027556,0.6855358511292012,1.9767902101140626,0.5
RPL3,3244.9420781637973,0.6421849874126239,3.511206949099916,0.25
ATF4,270.21162435319485,0.704834745660983,2.4317040281939954,1.0
RPS19BP1,346.20898553374894,0.7228575351677168,2.539338335396921,1.0
ST13,51.57942850103586,0.6295420433523073,1.7124765258550099,0.25
RBX1,258.20388433934767,0.6989818068200042,2.41196277137136,0.75
RANGAP1,59.62479320756787,0.6748596742067539,1.7754268858181006,0.5
XRCC6,335.1858188317767,0.6957453904371687,2.5252856360519473,0.75
SNU13,309.34266751235515,0.6892518488476398,2.490439826201619,0.75
NDUFA6,231.27439721965993,0.6833520534028829,2.3641275577093914,0.5
CYB5R3,21.450634037865633,0.6958542752241178,1.33144013358726,0.75
TTLL12,46.276796257516175,0.6584459942880239,1.6653632851145597,0.5
SLC25A6,1406.43069013597,0.6496170535970528,3.1481183347001718,0.25
TMSB4X,3734.961527760518,0.49146181758427193,3.5722861326929527,0.25
AP1S2,70.15956529341943,0.6233911848100211,1.846086889490623,0.25
SYAP1,20.638211813815907,0.6653876959541937,1.314672065385629,0.5
RBBP7,51.0750527034785,0.6969698807041198,1.7082088234458084,0.75
SMS,103.39480394858977,0.7012329558680088,2.0144987140658857,1.0
PRDX4,328.8104076337575,0.7098809541245492,2.516945555541905,1.0
EIF2S3,410.6166466831526,0.6566279789096278,2.6134365519904605,0.25
PDK3,12.478201405004919,0.6940124920712807,1.0961519911017144,0.75
USP9X,29.4430873282324,0.6955226748980282,1.4689833470824358,0.75
NDUFB11,275.6195505034781,0.6996814710610105,2.4403100201101804,0.75
UBA1,82.90774732337238,0.694576041355314,1.9185951151411254,0.75
CDK16,59.36217167008307,0.6882163284459781,1.7735097805304327,0.75
UXT,171.20994678166613,0.6971411537344558,2.2335289922739805,0.75
EBP,297.06052447395365,0.704297885737243,2.472844943482592,1.0
RBM3,45.03076507304863,0.6979226243627409,1.6535093256922389,0.75
TIMM17B,162.07936863355616,0.6858905415110474,2.2097277362621535,0.5
PIM2,181.16334781876606,0.5464298195218491,2.258070337655556,0.25
HSD17B10,229.24464196113755,0.7115459747828605,2.360299193877914,1.0
RPS4X,1014.9050806606672,0.6397677335449058,3.0064254266108743,0.25
COX7B,113.5932592959119,0.7102299191469235,2.0553525607988874,1.0
PGK1,89.81950099853854,0.7076928141264421,1.9533706379658058,1.0
RPL36A,296.18767785241755,0.5772475854513985,2.4715669868252457,0.25
BEX1,141.56004547061042,0.6950959964510559,2.150940693465562,0.75
BEX3,676.4943791362397,0.60459676956485,2.830264192477979,0.25
MORF4L2,47.198970243784316,0.62398855164401,1.6739325235849205,0.25
PLS3,32.06634537912028,0.7398877236152581,1.506049465942656,1.0
SLC25A5,543.1414946165453,0.7217885250961347,2.7349129830441505,1.0
RPL39,3214.0120227978805,0.5032255606402427,3.50704749701507,0.25
NDUFA1,837.1390511535158,0.7130096941800947,2.9227976015213275,1.0
RBMX,88.21247464422946,0.6399918779810632,1.9455300056087164,0.25
BCAP31,143.4308641017024,0.6868309074808414,2.1566426148378928,0.75
SSR4,433.656994724645,0.6825272967790015,2.6371463557899077,0.5
NAA10,109.67230323364022,0.695608523740926,2.040096964206244,0.75
HCFC1,33.83633436852371,0.6810984646817259,1.5293833079795225,0.5
FLNA,32.07050868288465,0.6785960252942846,1.5061058484977512,0.5
RPL10,1395.797743466422,0.5108372252313685,3.144822491882949,0.25
LAGE3,199.53617826677117,0.6900524989406162,2.3000216498831674,0.75
MT-ND1,1604.2753684057604,0.6457089427195143,3.2052789155159953,0.25
MT-ND2,949.776728233305,0.6671456162374689,2.977621524138736,0.5
MT-CO1,5730.224101113294,0.5828536563459517,3.758171606954079,0.25
MT-CO2,6935.593019032647,0.4465659619155577,3.841083600792534,0.25
MT-ATP8,359.9689638846849,0.6374745206072254,2.55626505800432,0.25
MT-ATP6,2008.757204108902,0.635761774415414,3.3029274473067503,0.25
MT-CO3,3928.4097708745626,0.5570174636136472,3.5942167825639477,0.25
MT-ND3,553.0995480134709,0.6486603745328318,2.7428033035689023,0.25
MT-ND4L,2069.6260464757847,0.6281555794608065,3.315891881387616,0.25
MT-ND4,1911.933529596782,0.6668089197595127,3.2814727894928373,0.5
MT-ND5,348.20988411135835,0.6933637073261569,2.5418410946219123,0.75
MT-ND6,548.6515305987157,0.6811912186380442,2.739296595108966,0.5
MT-CYB,1417.871680442719,0.683030073094087,3.1516369283101455,0.5
FOXD3-AS1,195.22193337827167,0.648468839552424,2.2905286094886166,0.25
GAS5,16.42740754414181,0.6115379492912413,1.2155690315964123,0.25
ESRG,178.64542760514627,0.6639661166712137,2.2519919049982042,0.5
AC091607.2,72.1526932539915,0.6154519333234023,1.8582525467048625,0.25
DANCR,54.71769285251868,0.6981724826925614,1.738127777262063,0.75
MIR302CHG,268.23455540135626,0.5113502254901569,2.4285147252435166,0.25
MALAT1,36.19841884625938,0.6381595776214815,1.5586896008828435,0.25
THY1-AS1,99.99911659318222,0.6401467049051793,1.9999961633959913,0.25
AC092490.1,72.86989051083144,0.5675573242041255,1.8625481169849625,0.25
LINC00987,62.692757891650935,0.564215377699624,1.7972173751313614,0.25
AL627171.2,377.4855260059363,0.4873360062410439,2.576900304054575,0.25
SNHG14,15.113564455796899,0.695733640693981,1.1793669025205324,0.75
SNHG19,137.24605633385997,0.6533450448216643,2.1374998741636624,0.25
AC009107.2,27.765899718277005,0.6893017663269287,1.4435117507908344,0.75
SNHG29,8.120641910935818,0.7096375642540712,0.9095903601966847,1.0
AC145207.4,314.25027860151454,0.7066153132490167,2.4972756713859883,1.0
AC005329.1,10.134133199363813,0.6494789945598943,1.0057866082010043,0.25
AC011447.3,78.23685031607116,0.4084624015345625,1.8934113581665064,0.25
AC010624.5,105.96170978813802,0.6301495698320451,2.0251489574164605,0.25
ZFAS1,25.270295380270294,0.7086749898070818,1.4026103183453882,1.0
