Nucleotide,seq,unpair,Sequence,Norm_profile
7,U,0,T,0.326371
8,U,1,T,-0.136736
9,G,1,G,4.263296
10,A,1,A,5.384674
11,U,0,T,0.047365
12,C,0,C,-0.272227
13,C,0,C,-0.069016
14,U,1,T,-0.046021
15,G,0,G,0.033428
16,C,0,C,0.140983
17,C,0,C,-0.089429
18,A,0,A,-1.901316
19,G,0,G,-0.552659
20,G,1,G,3.040171
21,U,1,T,2.617251
22,A,0,A,2.174695
23,G,0,G,-0.183876
24,C,1,C,-1.767554
25,A,0,A,-0.164225
26,U,0,T,1.434823
27,A,0,A,-0.118324
28,U,0,T,0.252413
29,G,0,G,-0.115761
30,C,0,C,-0.396412
31,U,0,T,-0.061914
32,U,1,T,-0.092133
33,G,1,G,0.071549
34,U,0,T,-0.113147
35,C,1,C,-0.257687
36,U,0,T,-0.454273
37,C,0,C,0.782344
38,A,1,A,1.761449
39,A,1,A,1.472078
40,A,0,A,0.440693
41,G,0,G,1.243432
42,A,1,A,0.814068
43,U,1,T,0.652371
44,U,1,T,1.471217
45,A,1,A,0.151809
46,A,1,A,0.048526
47,G,0,G,-0.096873
48,C,0,C,-0.04977
49,C,0,C,-0.107676
50,A,1,A,-0.056876
51,U,0,T,-0.052268
52,G,0,G,-0.016795
53,C,0,C,-0.098407
54,A,1,A,0.07231
55,U,1,T,0.195384
56,G,0,G,0.439383
57,U,0,T,0.084647
58,C,1,C,0.24804
59,U,1,T,0.686626
60,A,1,A,0.682286
61,A,0,A,0.468559
62,G,0,G,0.407194
63,U,0,T,1.768091
64,A,1,A,-0.001171
65,C,1,C,0.053669
66,G,1,G,0.045479
67,C,1,C,0.066077
68,A,0,A,-0.013141
69,C,0,C,0.001743
70,G,1,G,0.014359
71,G,1,G,0.014137
72,C,1,C,-0.012112
73,C,1,C,-0.020649
74,G,1,G,0.038452
75,G,1,G,0.210304
76,U,1,T,0.684783
77,A,1,A,0.057867
78,C,1,C,0.062499
79,A,1,A,0.123429
80,G,0,G,0.19315
81,U,0,T,0.055719
82,G,1,G,0.568651
83,A,1,A,0.723964
84,A,1,A,0.997463
85,A,0,A,0.140452
86,C,0,C,0.134367
87,U,0,T,0.095184
88,G,0,G,0.007104
89,C,0,C,0.044558
90,G,1,G,0.147207
91,A,1,A,1.226096
92,A,1,A,0.103013
93,U,1,T,-0.020265
94,G,1,G,0.005343
95,G,1,G,-0.007812
96,C,0,C,0.027287
97,U,0,T,0.031614
98,C,0,C,0.281233
99,A,1,A,0.077172
100,U,1,T,0.530974
101,U,1,T,0.656973
102,A,1,A,0.656302
103,A,1,A,0.73708
104,A,1,A,0.509118
105,U,1,T,-0.037675
106,C,0,C,-0.041283
107,A,0,A,0.077216
108,G,0,G,0.591996
109,U,1,T,0.045204
110,U,1,T,1.11816
111,A,1,A,0.368144
112,U,0,T,0.045437
113,G,1,G,0.288402
114,G,1,G,0.08219
115,U,0,T,0.366948
116,U,0,T,0.010262
117,C,1,C,0.008114
118,C,1,C,0.152462
119,U,1,T,0.043162
120,U,1,T,0.080456
121,U,0,T,-0.002594
122,G,0,G,0.060643
123,G,0,G,0.342812
124,U,1,T,-0.019509
125,C,1,C,0.018688
126,G,1,G,0.004251
127,C,1,C,0.309119
128,U,1,T,-0.000326
129,C,1,C,-0.029205
130,G,1,G,0.009761
131,C,1,C,0.02999
132,U,1,T,-0.010577
133,C,1,C,-0.054187
134,C,1,C,0.002778
135,U,1,T,-0.003073
136,C,1,C,0.058171
137,U,1,T,-0.133869
138,C,1,C,0.015924
139,C,1,C,0.100693
140,U,1,T,0.167238
141,A,1,A,-0.02487
142,C,0,C,0.337379
143,U,1,T,0.115462
144,U,0,T,0.024499
145,G,0,G,0.006193
146,G,1,G,0.055709
147,A,1,A,0.266178
148,U,1,T,0.396435
149,A,1,A,1.010159
150,A,1,A,0.244339
151,C,0,C,0.117043
152,U,0,T,0.29227
153,G,1,G,0.066338
154,U,0,T,0.034976
155,G,0,G,-0.01604
156,G,0,G,-0.03272
157,U,1,T,-0.034662
158,A,1,A,0.543061
159,A,1,A,0.035967
160,U,1,T,0.763324
161,U,1,T,0.022382
162,C,0,C,-0.036517
163,U,0,T,-0.103532
164,A,0,A,0.025742
165,G,1,G,-0.042102
166,A,0,A,-0.005623
167,G,0,G,0.048171
168,C,1,C,0.046502
169,U,1,T,0.059834
170,A,1,A,0.617065
171,A,1,A,0.143807
172,U,1,T,-0.031307
173,A,1,A,0.032599
174,C,0,C,-0.018299
175,A,0,A,0.003075
176,U,1,T,-0.010848
177,G,0,G,-0.048129
178,C,1,C,-0.034128
179,C,1,C,0.011158
180,G,1,G,1.142821
181,A,1,A,0.073271
182,C,1,C,0.011087
183,G,1,G,0.018386
184,G,1,G,0.098439
185,G,0,G,-0.005389
186,C,0,C,-0.017955
187,G,0,G,-0.038064
188,C,0,C,-0.067391
189,U,1,T,-0.018889
190,G,1,G,1.086615
191,A,1,A,-0.007377
192,C,0,C,-0.016045
193,C,0,C,-0.005511
194,C,0,C,-0.024932
195,C,0,C,-0.085576
196,C,0,C,-0.117439
197,C,0,C,-0.076039
198,U,1,T,0.05066
199,U,1,T,0.176129
200,C,1,C,0.350834
201,C,1,C,0.0295
202,C,1,C,0.002776
203,G,1,G,-0.010699
204,G,0,G,-0.008377
205,G,0,G,-0.005709
206,G,0,G,-0.004717
207,G,0,G,-0.006943
208,G,0,G,-0.015024
209,G,0,G,-0.001975
210,G,1,G,0.081649
211,A,1,A,-0.016948
212,U,1,T,0.04178
213,G,0,G,-0.062642
214,C,0,C,-0.010127
215,G,0,G,-0.002597
216,U,0,T,0.112798
217,G,1,G,0.054585
218,C,1,C,0.026437
219,A,1,A,0.107937
220,U,1,T,-0.039699
221,U,0,T,0.126151
222,U,0,T,0.143318
223,A,0,A,0.465769
224,U,0,T,0.046266
225,C,0,C,0.167805
226,A,1,A,0.070513
227,G,1,G,0.917567
228,A,1,A,0.634309
229,U,1,T,0.099153
230,C,1,C,0.18091
231,A,1,A,0.374789
232,A,1,A,0.361809
233,A,1,A,0.517785
234,A,0,A,0.008999
235,C,0,C,-0.003814
236,C,0,C,-0.03381
237,A,0,A,0.407857
238,A,0,A,0.160235
239,C,1,C,0.167957
240,C,0,C,-0.02545
241,C,0,C,-0.011227
242,G,0,G,-0.002765
243,G,0,G,-0.013299
244,U,1,T,0.009392
245,G,1,G,0.298456
246,A,1,A,0.102556
247,G,0,G,-0.003398
248,C,0,C,-0.013395
249,U,0,T,-0.016776
250,C,0,C,-0.018628
251,C,1,C,-0.013425
252,C,0,C,-0.014657
253,U,0,T,-0.003341
254,C,0,C,-0.0093
255,C,0,C,-0.000378
256,C,0,C,-0.000892
257,G,0,G,-0.000742
258,G,0,G,-0.000379
259,C,0,C,-0.001417
260,U,1,T,-0.001284
261,C,1,C,-0.001377
262,C,1,C,0.005367
263,G,1,G,0.005476
264,G,0,G,0.001392
265,C,0,C,-0.001713
266,C,0,C,-9.2e-05
267,G,0,G,-0.00036
268,G,0,G,0.001557
269,G,0,G,-0.000743
270,G,0,G,0.000948
271,G,0,G,0.000476
272,U,1,T,0.008639
273,C,1,C,-0.000798
274,G,0,G,0.000102
275,G,0,G,-0.002026
276,G,0,G,-0.001794
277,C,0,C,-0.003681
278,G,1,G,-0.023685
279,C,0,C,-0.019984
280,C,0,C,-0.009428
281,G,0,G,-0.033229
282,G,0,G,0.051526
283,C,1,C,0.001226
284,G,1,G,-0.054987
285,G,1,G,0.06647
286,C,1,C,0.747226
287,U,0,T,-0.047586
288,U,0,T,-0.108718
289,G,0,G,-0.254205
290,G,0,G,0.139509
291,U,0,T,0.025661
292,G,1,G,3.571009
293,A,1,A,1.430474
294,C,1,C,-0.493764
295,U,1,T,-0.430463
296,C,1,C,-0.225329
297,U,1,T,-0.398385
298,A,1,A,0.023714
299,G,0,G,-0.12518
300,A,0,A,0.437706
301,U,0,T,1.04526
302,A,0,A,1.566281
303,A,0,A,0.125932
304,C,1,C,-0.072266
305,C,1,C,0.433958
306,U,1,T,0.041955
307,C,1,C,0.074501
308,G,1,G,-0.001265
309,G,1,G,0.005847
310,G,1,G,-0.019558
311,C,1,C,-0.128359
312,C,1,C,0.009222
313,G,1,G,0.203046
314,A,1,A,4.826061
315,U,0,T,-0.054276
316,C,0,C,0.04408
317,G,0,G,-0.010469
318,C,0,C,0.168043
319,A,1,A,0.228237
320,C,0,C,-0.023937
321,G,0,G,-0.07748
322,C,0,C,-0.100877
323,C,0,C,-0.047092
324,C,1,C,-0.086425
325,C,1,C,0.102018
326,C,1,C,0.00138
327,C,1,C,0.068112
328,G,1,G,-0.009517
329,U,1,T,0.145913
330,G,0,G,-0.025182
331,G,0,G,-0.022484
332,C,0,C,-0.011126
333,G,0,G,-0.09284
334,G,0,G,-0.047077
335,C,0,C,-0.034736
336,G,0,G,-0.163704
337,A,0,A,-0.089163
338,C,1,C,-0.028013
339,G,1,G,-0.109941
340,A,1,A,-0.042024
341,C,1,C,-0.035198
342,C,0,C,-0.284242
343,C,0,C,-0.02387
344,A,0,A,0.302277
345,U,1,T,0.793789
346,U,1,T,-0.056488
347,C,1,C,0.024403
348,G,0,G,0.355431
349,A,0,A,0.960397
350,A,0,A,0.021647
351,C,1,C,-0.014642
352,G,1,G,0.3035
353,U,1,T,-0.039099
354,C,0,C,0.01892
355,U,0,T,0.028906
356,G,0,G,-0.000487
357,C,1,C,-0.042172
358,C,0,C,-0.07569
359,C,0,C,0.080467
360,U,0,T,0.753377
361,A,1,A,1.382812
362,U,1,T,0.261345
363,C,1,C,0.073675
364,A,1,A,0.437599
365,A,0,A,0.010962
366,C,0,C,0.155934
367,U,0,T,0.42966
368,U,1,T,1.071126
369,U,1,T,0.030423
370,C,1,C,0.034564
371,G,1,G,0.860275
372,A,0,A,0.395545
373,U,0,T,0.026164
374,G,0,G,0.135903
375,G,0,G,0.242838
376,U,0,T,0.201709
377,A,0,A,0.178594
378,G,0,G,0.360775
379,U,1,T,0.049079
380,C,1,C,0.004044
381,G,1,G,0.008932
382,C,1,C,-0.037424
383,C,1,C,-0.045713
384,G,1,G,0.017876
385,U,1,T,0.021824
386,G,1,G,-0.048458
387,C,1,C,-0.054957
388,C,0,C,0.108162
389,U,0,T,0.316679
390,A,0,A,0.267717
391,C,0,C,0.007733
392,C,0,C,0.103023
393,A,0,A,0.009142
394,U,0,T,0.021963
395,G,0,G,0.007715
396,G,0,G,0.029647
397,U,0,T,0.023587
398,G,1,G,0.417466
399,A,1,A,0.158274
400,C,1,C,0.017913
401,C,1,C,0.26394
402,A,1,A,0.104964
403,C,1,C,0.014972
404,G,0,G,0.026277
405,G,0,G,0.005711
406,G,0,G,0.023357
407,U,1,T,0.007932
408,G,1,G,0.65023
409,A,1,A,0.056873
410,C,0,C,0.010194
411,G,0,G,0.035297
412,G,0,G,0.014975
413,G,0,G,-0.00237
414,G,0,G,0.116211
415,A,0,A,0.483393
416,A,0,A,0.85341
417,U,0,T,0.137502
418,C,1,C,0.040611
419,A,1,A,0.055559
420,G,1,G,0.016069
421,G,1,G,0.296579
422,G,0,G,0.440684
423,U,0,T,0.880618
424,U,0,T,0.064161
425,C,0,C,0.01386
426,G,1,G,0.526179
427,A,1,A,0.469942
428,U,1,T,0.414358
429,U,0,T,0.03818
430,C,0,C,0.002929
431,C,0,C,0.016836
432,G,0,G,0.042185
433,G,0,G,0.401522
434,A,0,A,0.164218
435,G,0,G,0.234891
436,A,1,A,0.048653
437,G,0,G,0.017334
438,G,0,G,-0.028843
439,G,1,G,0.033627
440,A,0,A,0.016642
441,G,0,G,-0.016709
442,C,0,C,-0.067226
443,C,1,C,-0.047409
444,U,1,T,-0.025879
445,G,1,G,0.076337
446,A,1,A,0.093898
447,G,1,G,0.363562
448,A,1,A,0.350683
449,A,1,A,1.952677
450,A,1,A,0.024993
451,C,1,C,0.061902
452,G,1,G,-0.053088
453,G,0,G,-0.059758
454,C,0,C,0.006589
455,U,0,T,-0.082172
456,A,1,A,0.105963
457,C,0,C,-0.047337
458,C,0,C,-0.096608
459,A,1,A,0.02323
460,C,0,C,0.485001
461,A,1,A,0.185308
462,U,0,T,0.030666
463,C,0,C,-0.003996
464,C,1,C,-0.017355
465,A,1,A,0.193552
466,A,1,A,0.044108
467,G,1,G,0.015339
468,G,0,G,0.171042
469,A,0,A,0.013195
470,A,1,A,0.02323
471,G,0,G,0.03315
472,G,1,G,0.107532
473,C,1,C,0.11719
474,A,1,A,0.068066
475,G,0,G,0.114607
476,C,0,C,0.097865
477,A,0,A,0.04176
478,G,0,G,0.131404
479,G,0,G,0.015163
480,C,0,C,0.012067
481,G,1,G,0.005375
482,C,0,C,0.034894
483,G,1,G,0.09116
484,C,1,C,0.149891
485,A,1,A,0.379995
486,A,1,A,0.979802
487,A,1,A,0.783775
488,U,0,T,0.773911
489,U,1,T,0.857045
490,A,0,A,0.007448
491,C,0,C,0.014895
492,C,0,C,-0.043408
493,C,1,C,0.054418
494,A,1,A,-0.014542
495,C,1,C,0.021646
496,U,0,T,-0.009282
497,C,0,C,-0.138646
498,C,0,C,-0.0483
499,C,0,C,-0.012478
500,G,0,G,0.129394
501,A,1,A,0.14627
502,C,1,C,0.058601
503,C,1,C,0.017658
504,C,0,C,-0.008715
505,G,0,G,-0.000698
506,G,0,G,-0.001657
507,G,0,G,-0.003329
508,G,0,G,-0.009432
509,A,1,A,0.009967
510,G,0,G,0.032663
511,G,0,G,0.434766
512,U,0,T,0.306623
513,A,0,A,-0.024597
514,G,1,G,0.032737
515,U,0,T,0.05671
516,G,1,G,0.132226
517,A,1,A,0.020663
518,C,1,C,0.05276
519,G,0,G,0.075419
520,A,0,A,0.401397
521,A,1,A,0.511178
522,A,0,A,0.464219
523,A,1,A,1.12174
524,A,1,A,0.725493
525,U,1,T,0.744583
526,A,1,A,1.215748
527,A,1,A,0.032952
528,C,0,C,-0.057614
529,A,0,A,0.107422
530,A,0,A,0.082168
531,U,0,T,-0.01014
532,A,0,A,-0.05109
533,C,0,C,-0.171961
534,A,0,A,-0.012005
535,G,0,G,-0.043137
536,G,0,G,-0.060863
537,A,1,A,-0.068182
538,C,0,C,-0.106925
539,U,0,T,-0.120824
540,C,0,C,-0.051362
541,U,1,T,0.236372
542,U,1,T,1.243257
543,U,1,T,0.142221
544,C,1,C,0.204084
545,G,0,G,-0.02746
546,A,0,A,-0.018421
547,G,0,G,0.019222
548,G,1,G,-0.004227
549,C,1,C,0.08961
550,C,0,C,-0.048921
551,C,0,C,-0.052606
552,U,0,T,-0.021145
553,G,0,G,-0.065478
554,U,0,T,-0.029468
555,A,0,A,0.636503
556,A,1,A,0.772024
557,U,0,T,0.039345
558,U,0,T,-0.000792
559,G,0,G,0.021471
560,G,1,G,0.257678
561,A,1,A,0.63651
562,A,1,A,0.260207
563,U,1,T,0.059215
564,G,1,G,0.179653
565,A,1,A,0.212404
566,G,0,G,0.209987
567,U,0,T,0.106385
568,C,1,C,0.080974
569,C,1,C,0.098678
570,A,0,A,0.033957
571,C,1,C,0.051958
572,U,1,T,0.449878
573,U,1,T,0.021925
574,U,1,T,0.399085
575,A,1,A,0.328871
576,A,1,A,1.185772
577,A,1,A,0.092613
578,U,1,T,0.057858
579,C,1,C,-0.015424
580,C,1,C,0.215814
581,U,1,T,0.265922
582,U,0,T,0.514511
583,U,1,T,0.87532
584,A,1,A,2.241392
585,A,0,A,0.123378
586,C,0,C,0.120829
587,G,1,G,0.296395
588,A,1,A,0.011042
589,G,1,G,0.020879
590,G,1,G,0.003135
591,A,1,A,0.064875
592,U,1,T,0.048357
593,C,1,C,-0.04649
594,C,1,C,0.194823
595,A,1,A,0.321165
596,U,0,T,0.191628
597,U,0,T,0.031912
598,G,0,G,0.136782
599,G,0,G,0.900869
600,A,0,A,0.072401
601,G,0,G,0.023782
602,G,0,G,0.018264
603,G,0,G,0.059974
604,C,0,C,-0.016133
605,A,1,A,0.089704
606,A,1,A,0.124626
607,G,1,G,0.60802
608,U,1,T,0.12299
609,C,0,C,0.050083
610,U,0,T,-0.016107
611,G,0,G,0.020321
612,G,0,G,0.072324
613,U,1,T,0.04087
614,G,1,G,0.090175
615,C,1,C,0.063173
616,C,1,C,0.010384
617,A,1,A,0.0871
618,G,0,G,-0.034129
619,C,0,C,0.008727
620,A,1,A,0.003957
621,G,0,G,0.072365
622,C,0,C,-0.02923
623,C,0,C,0.039379
624,G,0,G,-0.004524
625,C,0,C,-0.011868
626,G,1,G,-0.011687
627,G,1,G,0.110761
628,U,1,T,0.019771
629,A,1,A,0.203602
630,A,1,A,0.536807
631,U,1,T,0.426483
632,U,1,T,0.024536
633,C,0,C,0.049845
634,C,0,C,-0.012321
635,A,0,A,0.05641
636,G,0,G,0.01324
637,C,0,C,-0.053645
638,U,0,T,-0.022487
639,C,0,C,0.108042
640,C,0,C,0.512534
641,A,0,A,2.024538
642,A,0,A,0.779026
643,U,1,T,1.195325
644,A,0,A,0.318074
645,G,0,G,0.013549
646,C,0,C,0.051936
647,G,0,G,0.288628
648,U,0,T,1.433155
649,A,0,A,0.750002
650,U,0,T,0.197535
651,A,1,A,0.60168
652,U,0,T,-0.076635
653,U,0,T,0.52418
654,A,1,A,0.721331
655,A,1,A,0.357793
656,A,1,A,0.323127
657,G,1,G,0.449823
658,U,1,T,0.247147
659,U,1,T,0.108212
660,G,1,G,0.081464
661,C,1,C,-0.031513
662,U,1,T,0.104816
663,G,1,G,0.063553
664,C,0,C,0.106011
665,A,1,A,0.638194
666,G,0,G,1.149882
667,U,0,T,2.355278
668,U,0,T,2.333033
669,A,1,A,0.432627
670,A,1,A,1.649905
671,A,1,A,1.983938
672,A,1,A,0.887929
673,A,1,A,0.437842
674,G,0,G,0.120766
675,C,1,C,0.242295
676,U,0,T,-0.062003
677,C,0,C,0.132844
678,G,1,G,0.715422
679,U,1,T,0.723749
680,A,1,A,0.470612
681,G,0,G,0.82048
682,U,0,T,0.027977
683,U,0,T,0.013992
684,G,1,G,0.013309
685,G,1,G,0.261045
686,A,1,A,0.375698
687,U,1,T,-0.061525
688,C,1,C,0.21375
689,U,1,T,0.228698
690,U,1,T,0.075415
691,G,0,G,0.002397
692,G,0,G,-0.0029
693,G,0,G,0.012683
694,A,1,A,0.332511
695,G,0,G,0.004119
696,C,0,C,0.00153
697,G,0,G,-0.002551
698,G,0,G,-0.003399
699,G,0,G,-0.00311
700,C,0,C,-0.002462
701,G,0,G,-0.00916
702,G,0,G,-0.006486
703,G,0,G,-0.029252
704,C,0,C,-0.015734
705,G,0,G,-0.003278
706,G,0,G,-0.013105
707,U,0,T,-0.055652
708,C,1,C,-0.006742
709,C,0,C,-0.025641
710,G,0,G,-0.026365
711,C,0,C,-0.035521
712,C,0,C,-0.049729
713,G,1,G,-0.012392
714,C,1,C,0.072749
715,G,1,G,0.229423
716,A,1,A,0.069007
717,G,0,G,-0.006202
718,G,0,G,-0.011069
719,C,0,C,-0.037111
720,G,0,G,-0.018575
721,A,1,A,0.315592
722,G,1,G,0.124108
723,U,1,T,0.164364
724,C,1,C,0.297458
725,A,0,A,-0.009487
726,C,0,C,-0.022174
727,C,0,C,-0.016012
728,G,0,G,-0.012383
729,C,0,C,-0.040105
730,C,0,C,-0.089646
731,C,0,C,-0.037447
732,G,0,G,-0.053779
733,U,1,T,0.09787
734,C,1,C,0.024056
735,C,0,C,-0.16028
736,C,0,C,-0.046618
737,C,0,C,-0.101892
738,G,0,G,-0.019116
739,C,0,C,-0.08977
740,C,0,C,-0.042365
741,C,0,C,-0.13691
742,C,0,C,-0.028066
743,U,1,T,0.097563
744,U,1,T,0.142378
745,G,1,G,0.060864
746,C,1,C,-0.022386
747,C,1,C,0.082479
748,U,1,T,0.020534
749,C,1,C,0.810058
750,U,0,T,-0.030444
751,C,0,C,-0.034526
752,G,0,G,-0.055702
753,G,0,G,-0.02417
754,C,1,C,0.13472
755,G,0,G,-0.040328
756,C,0,C,-0.042823
757,C,0,C,-0.101752
758,C,0,C,-0.063989
759,C,0,C,-0.095168
760,C,1,C,-0.160726
761,U,1,T,-0.08943
762,C,1,C,-0.108059
763,G,0,G,-0.058785
764,A,0,A,-0.135949
765,U,0,T,-0.018236
766,G,0,G,-0.066615
767,C,0,C,-0.087672
768,U,0,T,-0.129996
769,C,0,C,-0.048462
770,U,1,T,0.116344
771,U,1,T,0.236741
772,A,1,A,0.363412
773,G,1,G,0.168545
774,C,1,C,1.1021
775,U,1,T,0.048974
776,G,0,G,-0.028921
777,A,0,A,-0.060958
778,G,0,G,-0.027506
779,U,0,T,-0.038749
780,G,0,G,-0.043643
781,U,0,T,-0.040771
782,C,0,C,-0.055507
783,C,1,C,-0.054793
784,C,1,C,-0.054245
785,G,1,G,-0.028998
786,C,1,C,0.045082
787,G,0,G,-0.009155
788,G,0,G,-0.019903
789,G,0,G,0.000815
790,G,0,G,-0.028805
791,C,0,C,-0.065812
792,C,0,C,-0.053768
793,C,0,C,-0.030526
794,G,0,G,-0.004639
795,A,0,A,0.024292
796,A,1,A,0.161154
797,G,1,G,0.005813
798,C,1,C,0.019177
799,G,1,G,0.134524
800,U,1,T,0.041127
801,U,1,T,0.633926
802,U,1,T,0.006939
803,A,1,A,0.065752
804,C,1,C,0.250721
805,U,1,T,0.667584
806,U,1,T,0.48215
807,U,1,T,0.247153
808,G,1,G,0.696838
809,A,1,A,0.761923
810,A,1,A,0.909111
811,A,1,A,1.048187
812,A,1,A,1.259258
813,A,1,A,1.77162
814,A,1,A,1.65281
815,U,1,T,0.089695
816,U,1,T,-0.001987
817,A,1,A,0.169296
818,G,1,G,0.445725
819,A,1,A,0.44436
820,G,1,G,0.285134
821,U,1,T,0.265674
822,G,1,G,0.978288
823,U,1,T,0.042799
824,U,1,T,-0.088204
825,C,1,C,0.322503
826,A,1,A,0.723386
827,A,1,A,0.454252
828,A,1,A,0.609646
829,G,1,G,0.120702
830,C,1,C,0.160707
831,A,1,A,0.049943
832,G,1,G,0.247331
833,G,1,G,0.658419
834,C,1,C,0.038117
835,C,1,C,0.019462
836,C,1,C,0.034497
837,G,1,G,0.166459
838,A,1,A,0.593606
839,G,1,G,0.066013
840,C,1,C,0.022372
841,C,1,C,0.074595
842,G,1,G,0.022606
843,C,1,C,-0.005404
844,C,1,C,0.000225
845,U,1,T,0.008262
846,G,1,G,0.021419
847,G,1,G,0.671313
848,A,1,A,0.663624
849,U,1,T,1.825329
850,A,1,A,0.398764
851,C,1,C,0.002584
852,C,1,C,0.129019
853,G,1,G,0.13007
854,C,1,C,-0.037032
855,A,1,A,-0.00175
856,G,1,G,0.051802
857,C,1,C,0.13114
858,U,1,T,0.152547
859,A,1,A,0.068537
860,G,1,G,0.071805
861,G,1,G,0.08954
862,A,1,A,0.258782
863,A,1,A,0.102915
864,U,1,T,0.019626
865,A,1,A,0.118342
866,A,1,A,0.059963
867,U,1,T,-0.001145
868,G,1,G,0.045242
869,G,1,G,0.081118
870,A,1,A,0.177964
871,A,1,A,0.039887
872,U,1,T,-0.033317
873,A,1,A,-0.032469
874,G,1,G,0.013431
875,G,1,G,0.00768
876,A,1,A,0.005094
877,C,1,C,-0.053124
878,C,1,C,-0.019985
879,G,1,G,0.017796
880,C,1,C,0.012957
881,G,1,G,0.071369
882,G,1,G,-0.023522
883,U,1,T,-0.086946
884,U,1,T,-0.07169
885,C,1,C,-0.110246
886,U,1,T,-0.131772
887,A,1,A,-0.028248
888,U,1,T,0.050931
889,U,1,T,-0.02262
890,U,1,T,-0.027997
891,U,1,T,-0.013747
892,G,1,G,0.143413
893,U,1,T,-0.012085
894,U,1,T,0.017614
895,G,1,G,0.798968
896,G,1,G,0.049701
897,U,1,T,0.140659
898,U,1,T,0.121078
899,U,1,T,0.250266
900,U,1,T,-0.003505
901,C,1,C,-0.048543
902,G,1,G,0.013904
903,G,1,G,0.345417
904,A,1,A,0.505121
905,A,1,A,-0.019927
906,C,1,C,-0.020274
907,U,1,T,-0.025694
908,G,1,G,-0.022552
909,A,1,A,0.016716
910,G,1,G,0.00395
911,G,1,G,-0.034162
912,C,1,C,0.010424
913,C,1,C,0.289711
914,A,1,A,0.164757
915,U,1,T,0.094112
916,G,1,G,1.329402
917,A,1,A,1.697927
918,U,1,T,1.85869
919,U,1,T,0.336843
920,A,1,A,0.871866
921,A,1,A,0.388837
922,G,1,G,0.960456
923,A,1,A,0.09461
924,G,0,G,0.033032
925,G,0,G,0.033438
926,G,0,G,0.501508
927,A,0,A,0.16651
928,C,0,C,0.009647
929,G,0,G,0.012213
930,G,1,G,0.016671
931,C,1,C,-0.018393
932,C,0,C,-0.006832
933,G,1,G,0.002361
934,G,1,G,0.003498
935,G,1,G,0.017676
936,G,0,G,0.127999
937,G,0,G,0.089335
938,C,0,C,0.934128
939,A,0,A,1.090835
940,U,1,T,1.210959
941,U,1,T,0.068515
942,C,0,C,-0.010459
943,G,0,G,0.067772
944,U,1,T,0.004544
945,A,1,A,0.082417
946,U,0,T,-0.015784
947,U,0,T,-0.090613
948,G,0,G,-0.021802
949,C,0,C,-0.03834
950,G,0,G,-0.04161
951,C,0,C,-0.04681
952,C,0,C,-0.074717
953,G,0,G,-0.05369
954,C,1,C,-0.090216
955,U,1,T,-0.058109
956,A,1,A,0.010665
957,G,0,G,-0.015242
958,A,0,A,-0.019166
959,G,0,G,-0.001633
960,G,1,G,0.090776
961,U,1,T,0.121563
962,G,1,G,1.105901
963,A,1,A,1.061925
964,A,1,A,1.504861
965,A,1,A,0.393847
966,U,0,T,0.764773
967,U,0,T,-0.046757
968,C,0,C,-0.085499
969,U,1,T,-0.073597
970,U,1,T,-0.02156
971,G,1,G,0.041147
972,G,1,G,0.67165
973,A,1,A,0.307819
974,C,1,C,0.032791
975,C,0,C,0.019749
976,G,0,G,-0.023389
977,G,0,G,-0.02002
978,C,0,C,-0.121878
979,G,0,G,-0.007088
980,C,0,C,-0.198935
981,A,0,A,-0.035225
982,A,0,A,-0.005314
983,G,1,G,0.190746
984,A,1,A,-0.063728
985,C,0,C,-0.019428
986,G,0,G,0.002189
987,G,1,G,0.073179
988,A,1,A,0.085087
989,C,1,C,0.000695
990,C,1,C,-0.006336
991,A,1,A,0.110912
992,G,1,G,0.364419
993,A,1,A,0.318737
994,G,0,G,0.105639
995,C,0,C,0.135017
996,G,1,G,0.017504
997,A,1,A,0.024776
998,A,1,A,-0.014647
999,A,1,A,-0.018426
1000,G,0,G,-0.029103
1001,C,0,C,-0.159565
1002,A,1,A,-0.043479
1003,U,1,T,0.002838
1004,U,1,T,0.019504
1005,U,0,T,-0.018265
1006,G,0,G,0.279662
1007,C,0,C,0.284338
1008,C,0,C,1.10493
1009,A,1,A,0.64987
1010,A,1,A,0.317294
1011,G,0,G,0.185621
1012,A,1,A,0.031809
1013,A,1,A,-0.042813
1014,U,0,T,0.029473
1015,G,0,G,-0.016394
1016,U,1,T,-0.070559
1017,U,0,T,0.018205
1018,U,0,T,0.056255
1019,U,0,T,-0.058884
1020,C,0,C,0.001477
1021,A,1,A,0.524579
1022,U,1,T,1.020818
1023,U,1,T,1.241951
1024,A,0,A,2.099502
1025,A,0,A,2.434369
1026,U,0,T,0.474138
1027,C,1,C,0.421534
1028,A,1,A,0.606642
1029,A,1,A,0.252391
1030,G,0,G,1.088884
1031,A,0,A,1.960755
1032,A,1,A,0.036943
1033,C,0,C,0.122999
1034,G,1,G,0.720962
1035,A,1,A,1.004656
1036,A,1,A,0.481905
1037,A,1,A,0.395562
1038,G,0,G,0.368241
1039,U,0,T,0.034641
1040,C,0,C,-0.007053
1041,G,0,G,0.035121
1042,G,0,G,0.041491
1043,A,0,A,-0.008161
1044,G,1,G,0.067225
1045,G,1,G,0.46879
1046,U,1,T,0.043265
1047,U,1,T,-0.034116
1048,C,0,C,-0.005966
1049,G,1,G,0.095099
1050,A,1,A,0.481562
1051,A,1,A,0.07956
1052,G,0,G,0.428971
1053,A,0,A,0.036511
1054,C,0,C,0.008647
1055,G,0,G,0.024441
1056,A,1,A,0.278985
1057,U,1,T,-0.01894
1058,C,1,C,0.132814
1059,A,1,A,0.159337
1060,G,1,G,1.570555
1061,A,1,A,0.738493
1062,U,1,T,1.216975
1063,A,1,A,0.16715
1064,C,1,C,0.029429
1065,C,0,C,0.013615
1066,G,0,G,0.049109
1067,U,0,T,-0.055681
1068,C,0,C,0.01094
1069,G,1,G,0.173657
1070,U,1,T,0.168763
1071,A,1,A,0.134995
1072,G,0,G,0.195127
1073,U,1,T,0.127258
1074,U,0,T,-0.096279
1075,C,0,C,-0.043863
1076,C,0,C,-0.008581
1077,G,0,G,0.12045
1078,A,0,A,0.141072
1079,C,0,C,-0.072485
1080,C,1,C,0.159184
1081,A,1,A,0.348851
1082,U,1,T,0.031073
1083,A,1,A,0.509542
1084,A,1,A,1.425324
1085,A,1,A,0.079136
1086,C,1,C,0.038646
1087,G,1,G,0.549152
1088,A,1,A,0.179499
1089,U,1,T,0.078545
1090,G,0,G,0.193728
1091,C,0,C,0.025366
1092,C,0,C,0.005623
1093,G,0,G,0.171716
1094,A,0,A,0.089356
1095,C,0,C,0.036541
1096,U,1,T,0.023476
1097,G,0,G,0.134552
1098,G,0,G,0.014423
1099,C,0,C,-0.003825
1100,G,1,G,0.323005
1101,A,1,A,0.131533
1102,U,0,T,0.20498
1103,G,1,G,0.04309
1104,C,0,C,0.023
1105,G,0,G,-0.015621
1106,G,0,G,-0.004856
1107,C,0,C,-0.008675
1108,G,0,G,-0.012624
1109,G,0,G,-0.016682
1110,C,1,C,0.161973
1111,G,0,G,0.021762
1112,U,0,T,-0.037928
1113,U,0,T,0.04332
1114,A,0,A,0.166832
1115,U,0,T,0.38205
1116,U,1,T,0.126079
1117,C,1,C,0.071381
1118,C,1,C,-0.005933
1119,C,1,C,0.367979
1120,A,0,A,0.012114
1121,U,0,T,0.016614
1122,G,0,G,0.025747
1123,A,0,A,-0.019322
1124,C,0,C,-0.080925
1125,C,0,C,-0.018537
1126,C,0,C,-0.025719
1127,G,0,G,-0.05041
1128,C,0,C,-0.006553
1129,C,0,C,-0.005554
1130,G,0,G,0.010741
1131,G,1,G,0.091956
1132,G,0,G,0.05837
1133,C,1,C,-0.064565
1134,A,1,A,0.011325
1135,G,0,G,-0.016333
1136,C,0,C,0.043246
1137,U,0,T,0.225063
1138,U,1,T,0.05432
1139,C,1,C,-0.011066
1140,C,1,C,0.000786
1141,G,0,G,0.011268
1142,G,0,G,-0.01893
1143,G,1,G,0.062061
1144,A,1,A,0.208148
1145,A,0,A,0.448036
1146,A,0,A,0.25187
1147,C,0,C,-0.175717
1148,C,0,C,0.078428
1149,A,1,A,0.150173
1150,A,1,A,0.066237
1151,A,1,A,0.185751
1152,G,0,G,1.876275
1153,U,0,T,0.387433
1154,C,0,C,1.054654
1155,U,1,T,0.709842
1156,U,1,T,0.146349
1157,U,1,T,0.042968
1158,G,1,G,-0.01981
1159,G,0,G,0.001242
1160,G,0,G,0.064523
1161,U,0,T,0.124389
1162,U,1,T,0.054933
1163,C,0,C,-0.018103
1164,C,1,C,-0.001413
1165,G,0,G,0.0015
1166,G,1,G,0.021498
1167,G,1,G,0.00074
1168,G,0,G,0.005483
1169,G,0,G,0.021584
1170,G,0,G,0.061348
1171,A,1,A,0.132405
1172,G,1,G,0.274139
1173,U,1,T,0.530748
1174,A,1,A,0.146524
1175,U,1,T,-0.000988
1176,G,0,G,0.022343
1177,G,0,G,0.034225
1178,U,0,T,-0.013669
1179,U,0,T,0.016193
1180,G,1,G,-0.012878
1181,C,1,C,0.06734
1182,A,1,A,0.170957
1183,A,1,A,0.182143
1184,A,0,A,0.16275
1185,G,0,G,0.017794
1186,C,0,C,0.009607
1187,U,0,T,0.015444
1188,G,1,G,0.130517
1189,A,1,A,0.147582
1190,A,1,A,0.224928
1191,A,1,A,0.043177
1192,C,0,C,0.026376
1193,U,0,T,0.064841
1194,U,0,T,0.087313
1195,A,1,A,0.032642
1196,A,1,A,0.012141
1197,A,1,A,0.000311
1198,G,0,G,0.000389
1199,G,0,G,0.001109
1200,A,0,A,0.000343
1201,A,1,A,0.000642
1202,U,1,T,0.001845
1203,U,0,T,0.000333
1204,G,0,G,0.001649
1205,A,0,A,-0.000187
1206,C,0,C,0.000606
1207,G,0,G,-0.000135
1208,G,1,G,0.005821
1209,A,0,A,0.003201
1210,A,0,A,0.000519
1211,G,0,G,0.000147
1212,G,0,G,0.001006
1213,G,0,G,-8.4e-05
1214,C,0,C,-0.001305
1215,A,0,A,-0.000853
1216,C,1,C,0.004063
1217,C,1,C,-0.00153
1218,A,0,A,-0.004311
1219,C,0,C,-0.001866
1220,C,1,C,-0.009163
1221,A,1,A,0.025738
1222,G,0,G,0.068045
1223,G,0,G,0.074903
1224,A,0,A,0.216783
1225,G,0,G,0.026049
1226,U,0,T,-0.015971
1227,G,0,G,-0.017223
1228,G,1,G,0.16074
1229,G,0,G,-0.411532
1230,C,0,C,-0.425885
1231,C,1,C,-0.285617
1232,U,0,T,-0.269288
1233,G,0,G,0.463422
1234,C,0,C,0.064011
1235,G,0,G,0.208141
1236,G,0,G,-0.023692
1237,C,0,C,-0.035053
1238,U,1,T,-0.625214
1239,U,1,T,0.296089
1240,A,1,A,3.228776
1241,A,1,A,2.810925
1242,U,0,T,2.25204
1243,U,0,T,0.792845
1244,U,0,T,-0.002818
1245,G,0,G,1.201149
1246,A,1,A,0.93134
1247,C,1,C,0.103529
1248,U,1,T,4.851434
1249,C,1,C,0.583261
1250,A,1,A,2.660841
1251,A,1,A,0.44107
1252,C,1,C,0.977426
1253,A,1,A,0.286132
1254,C,0,C,0.044312
1255,G,0,G,0.030033
1256,G,0,G,0.012267
1257,G,0,G,0.07492
1258,A,1,A,0.886363
1259,A,1,A,1.750791
1260,A,1,A,0.451238
1261,C,1,C,-0.105315
1262,C,1,C,0.064613
1263,U,1,T,0.030777
1264,C,1,C,0.000578
1265,A,1,A,0.010466
1266,C,0,C,-0.162214
1267,C,0,C,-0.036285
1268,C,0,C,-0.030797
1269,G,0,G,0.019898
1270,G,0,G,0.015899
1271,C,1,C,-0.004425
1272,C,0,C,-0.07384
1273,C,1,C,0.000218
1274,G,1,G,-0.020912
1275,G,1,G,0.40718
1276,A,1,A,0.109832
1277,C,0,C,0.14586
1278,A,0,A,0.001992
1279,C,0,C,-0.005381
1280,G,0,G,-0.003029
1281,G,0,G,0.096317
1282,A,1,A,0.001179
1283,C,1,C,0.061884
1284,A,1,A,0.006655
1285,G,1,G,-0.013919
1286,G,1,G,0.044236
1287,A,1,A,0.048015
1288,U,1,T,-0.013001
1289,U,1,T,0.017333
1290,G,0,G,0.293673
1291,A,0,A,0.017645
1292,C,1,C,-0.000483
1293,A,0,A,0.023185
1294,G,0,G,0.782712
1295,A,0,A,1.063206
1296,U,1,T,0.438552
1297,U,1,T,0.223692
1298,G,1,G,2.171504
1299,A,1,A,1.660146
1300,U,1,T,0.856171
1301,A,1,A,0.376994
1302,G,1,G,0.114274
1303,C,1,C,1.111709
1304,U,0,T,-0.14142
1305,C,0,C,-0.043374
1306,U,0,T,-0.166246
1307,U,1,T,-0.008918
1308,U,0,T,-0.076743
1309,C,0,C,-0.082976
1310,U,1,T,0.047716
1311,C,1,C,-0.02529
1312,G,1,G,0.402086
1313,A,1,A,0.986654
1314,U,1,T,1.369757
1315,U,1,T,0.116178
1316,C,0,C,-0.041353
1317,C,0,C,0.034625
1318,G,0,G,0.069965
1319,U,0,T,0.033678
1320,G,0,G,-0.00958
1321,G,1,G,0.166951
1322,G,1,G,0.171637
1323,U,1,T,0.061912
1324,G,0,G,0.096036
1325,G,0,G,0.260579
1326,U,1,T,-0.000852
1327,G,0,G,0.026385
1328,G,0,G,0.089916
1329,U,0,T,0.127877
1330,G,0,G,0.10404
1331,C,1,C,0.274264
1332,A,1,A,0.119307
1333,U,0,T,0.037496
1334,G,0,G,0.073109
1335,G,0,G,0.094532
1336,C,0,C,-0.076082
1337,C,0,C,0.00233
1338,G,0,G,0.087282
1339,U,0,T,0.308858
1340,U,0,T,-0.149554
1341,C,1,C,0.215961
1342,U,1,T,0.313894
1343,U,1,T,0.166442
1344,A,1,A,0.430903
1345,G,0,G,0.580412
1346,U,0,T,0.312698
1347,U,0,T,-0.023104
1348,G,1,G,0.015832
1349,G,0,G,0.012478
1350,U,0,T,0.013368
1351,G,0,G,0.008435
1352,G,0,G,0.093475
1353,A,0,A,0.131272
1354,G,1,G,0.009926
1355,C,1,C,-0.017067
1356,G,1,G,0.339472
1357,A,1,A,0.615491
1358,U,0,T,0.3718
1359,U,0,T,0.129126
1360,U,0,T,0.140223
1361,G,1,G,0.528733
1362,U,1,T,0.035615
1363,C,1,C,-0.058324
1364,U,0,T,-0.00066
1365,G,0,G,0.333152
1366,G,0,G,0.17639
1367,U,1,T,-0.100111
1368,U,1,T,-0.060784
1369,A,1,A,0.050251
1370,A,1,A,0.08664
1371,U,1,T,0.322282
1372,U,1,T,-0.020176
1373,C,0,C,-0.02598
1374,C,0,C,-0.015877
1375,G,0,G,0.117623
1376,A,1,A,0.370081
1377,U,1,T,0.460393
1378,A,1,A,0.70329
1379,A,0,A,0.053718
1380,C,0,C,0.029175
1381,G,1,G,0.400313
1382,A,0,A,1.051059
1383,A,0,A,0.007244
1384,C,0,C,-0.005423
1385,G,1,G,0.283069
1386,A,1,A,0.062812
1387,G,1,G,0.545263
1388,A,1,A,0.118204
1389,C,1,C,0.186446
1390,U,0,T,0.041003
1391,C,1,C,0.001578
1392,U,0,T,0.01268
1393,G,0,G,0.063535
1394,G,1,G,-0.026364
1395,C,0,C,0.024097
1396,A,1,A,0.05676
1397,U,0,T,0.039742
1398,G,1,G,0.007932
1399,C,0,C,-0.01047
1400,U,0,T,0.263501
1401,A,0,A,0.12188
1402,A,0,A,0.016678
1403,C,1,C,-0.007638
1404,U,1,T,-0.030356
1405,A,0,A,0.164926
1406,G,0,G,0.266403
1407,U,0,T,0.356112
1408,U,0,T,0.581828
1409,A,1,A,0.014445
1410,C,1,C,-0.00602
1411,G,1,G,-0.018277
1412,C,1,C,0.003396
1413,G,0,G,0.155197
1414,A,0,A,-0.035684
1415,C,0,C,-0.035829
1416,C,1,C,-0.049285
1417,C,1,C,-0.082565
1418,C,0,C,-0.039938
1419,C,0,C,0.039874
1420,G,0,G,0.255649
1421,A,0,A,0.466826
1422,G,1,G,-0.002089
1423,C,1,C,0.01461
1424,G,1,G,-0.004802
1425,G,1,G,0.189366
1426,U,0,T,-0.02889
1427,C,0,C,-0.015901
1428,G,0,G,0.00239
1429,G,0,G,-0.00871
1430,C,1,C,0.027119
1431,G,0,G,-0.031288
1432,U,0,T,-0.015253
1433,C,0,C,-0.031197
1434,C,1,C,-0.059299
1435,C,1,C,-0.247519
1436,C,1,C,-0.032463
1437,C,1,C,-0.040715
1438,A,0,A,0.26538
1439,A,0,A,0.048515
1440,C,0,C,0.253996
1441,U,0,T,0.891348
1442,U,1,T,0.080429
1443,C,1,C,0.603423
1444,U,0,T,0.971115
1445,U,0,T,-0.077815
1446,A,0,A,0.113287
1447,G,0,G,0.167776
1448,A,0,A,0.050125
1449,G,1,G,-0.005666
1450,G,0,G,-0.017896
1451,G,1,G,-0.052167
1452,A,1,A,0.017204
1453,C,0,C,-0.093202
1454,A,1,A,0.119493
1455,A,1,A,0.171785
1456,G,0,G,0.000851
1457,U,0,T,0.004858
1458,G,0,G,0.010796
1459,G,0,G,-0.036237
1460,C,0,C,-0.034418
1461,G,1,G,0.039495
1462,U,1,T,0.941142
1463,U,1,T,0.209218
1464,C,1,C,0.126251
1465,A,1,A,0.077699
1466,G,0,G,-0.062493
1467,C,0,C,-0.032564
1468,C,0,C,-0.085647
1469,A,0,A,0.003678
1470,C,0,C,-0.047254
1471,C,1,C,-0.056272
1472,C,1,C,0.003632
1473,G,0,G,0.069354
1474,A,1,A,0.073711
1475,G,1,G,0.399397
1476,A,1,A,0.309668
1477,U,1,T,0.162944
1478,U,0,T,0.078367
1479,G,0,G,0.233496
1480,A,1,A,0.204642
1481,G,0,G,-0.027563
1482,C,1,C,0.091063
1483,A,1,A,0.558983
1484,A,1,A,0.764558
1485,U,1,T,0.980658
1486,A,0,A,1.643516
1487,A,0,A,0.234566
1488,C,0,C,0.073
1489,A,1,A,0.039128
1490,G,0,G,0.014639
1491,G,0,G,0.435839
1492,U,0,T,0.130709
1493,C,1,C,0.091584
1494,U,1,T,0.071815
1495,G,1,G,0.102457
1496,U,0,T,0.04242
1497,G,1,G,0.595658
1498,A,0,A,0.152997
1499,U,0,T,0.072316
1500,G,0,G,0.050003
1501,C,0,C,-0.034667
1502,C,0,C,-0.081751
1503,C,0,C,0.033222
1504,U,0,T,0.178253
1505,U,1,T,0.189756
1506,A,1,A,0.094455
1507,G,1,G,0.494136
1508,A,1,A,0.234439
1509,U,1,T,0.151206
1510,G,0,G,0.309709
1511,U,1,T,0.113625
1512,C,0,C,-0.013118
1513,C,0,C,-0.007472
1514,G,0,G,0.002095
1515,G,0,G,-0.000697
1516,G,0,G,-0.00391
1517,G,1,G,-0.005351
1518,C,1,C,-0.052256
1519,U,1,T,0.02022
1520,G,0,G,-0.004456
1521,C,0,C,0.010812
1522,A,1,A,-0.02256
1523,C,0,C,-0.004715
1524,G,0,G,-0.009085
1525,C,0,C,-0.010584
1526,G,0,G,-0.003379
1527,C,1,C,-0.011352
1528,G,0,G,0.001306
1529,C,0,C,-0.002178
1530,U,1,T,0.003321
1531,A,1,A,0.000657
1532,C,0,C,0.004487
1533,A,1,A,-2.8e-05
1534,C,1,C,0.003144
1535,U,1,T,0.002985
1536,G,0,G,0.014472
1537,A,0,A,0.006019
1538,C,1,C,0.003352
1539,U,0,T,6.2e-05
1540,G,0,G,0.001592
1541,G,0,G,0.00102
1542,C,1,C,0.01494
1543,U,1,T,0.000419
1544,C,1,C,0.009316
1545,A,1,A,0.012942
1546,G,1,G,0.001026
1547,C,1,C,-0.001489
1548,G,0,G,0.002908
1549,U,0,T,0.005859
1550,G,0,G,0.010218
1551,U,1,T,0.013498
1552,G,1,G,-0.023113
1553,C,1,C,-0.008013
1554,C,1,C,0.080419
1555,U,1,T,0.14249
1556,A,1,A,0.011656
1557,C,1,C,-0.134999
1558,C,0,C,-0.006285
1559,C,0,C,-0.029827
1560,U,1,T,-0.233797
1561,G,1,G,0.17196
1562,C,0,C,0.35679
1563,G,0,G,-0.050302
1564,C,0,C,-0.197345
1565,C,0,C,-0.1808
1566,G,1,G,0.060073
1567,G,1,G,3.419027
1568,C,1,C,2.024069
1569,A,1,A,0.332986
1570,G,0,G,-0.021799
1571,G,0,G,-0.058651
1572,C,0,C,-0.098621
1573,G,0,G,0.050494
1574,C,1,C,0.088006
1575,G,1,G,-0.077362
1576,G,0,G,-0.430655
1577,G,0,G,-0.101364
1578,U,1,T,-0.255885
1579,A,1,A,0.551727
1580,A,1,A,0.092576
1581,C,1,C,-0.207394
1582,C,1,C,-0.156325
1583,C,0,C,-0.289679
1584,G,0,G,-0.130917
1585,U,0,T,-0.168695
1586,U,1,T,-0.040751
1587,G,1,G,0.626378
1588,A,1,A,0.661041
1589,A,1,A,-0.024079
1590,C,1,C,-0.103332
1591,C,1,C,-0.246416
1592,C,0,C,-0.367097
1593,C,0,C,-0.242102
1594,A,0,A,-0.157642
1595,U,1,T,0.060838
1596,U,0,T,0.05931
1597,C,0,C,0.360701
1598,G,1,G,0.460146
1599,U,1,T,0.326499
1600,G,1,G,1.821331
1601,A,1,A,0.062827
1602,U,1,T,0.03634
1603,G,1,G,-0.004319
1604,G,0,G,-0.032612
1605,G,1,G,0.029717
1606,G,1,G,0.059084
1607,A,1,A,0.746677
1608,U,1,T,0.0971
1609,C,1,C,0.058502
1610,G,0,G,0.017788
1611,G,0,G,0.032042
1612,G,0,G,0.070031
1613,G,0,G,0.417308
1614,A,0,A,0.138305
1615,U,1,T,0.10295
1616,U,1,T,0.312465
1617,G,1,G,0.469271
1618,C,1,C,0.614849
1619,A,1,A,2.125679
1620,A,1,A,1.211236
1621,U,1,T,0.926354
1622,U,1,T,1.362473
1623,A,1,A,0.508485
1624,U,1,T,0.603595
1625,U,0,T,-0.011479
1626,C,0,C,-0.052831
1627,C,0,C,-0.098769
1628,C,0,C,-0.01213
1629,C,0,C,0.01241
1630,A,1,A,0.207461
1631,U,1,T,0.238748
1632,G,1,G,0.857031
1633,A,1,A,1.361289
1634,A,1,A,0.067845
1635,C,0,C,0.079892
1636,G,1,G,0.061673
1637,A,1,A,0.13693
1638,G,1,G,0.042505
1639,G,1,G,0.172291
1640,A,1,A,0.668855
1641,A,0,A,0.512729
1642,U,0,T,0.690238
1643,U,0,T,-0.099881
1644,C,0,C,-0.006069
1645,C,0,C,-0.054292
1646,C,1,C,-0.069858
1647,A,1,A,0.093946
1648,G,1,G,0.672526
1649,U,1,T,0.560862
1650,A,1,A,0.217049
1651,A,0,A,0.190254
1652,G,0,G,0.11794
1653,U,0,T,0.151831
1654,G,0,G,0.01769
1655,C,0,C,-0.003416
1656,G,0,G,0.002365
1657,G,0,G,0.034528
1658,G,0,G,0.083016
1659,U,1,T,0.010876
1660,C,1,C,0.165061
1661,A,1,A,0.363558
1662,U,1,T,0.532632
1663,A,1,A,0.199154
1664,A,1,A,0.094156
1665,G,1,G,0.008201
1666,C,0,C,0.043066
1667,U,0,T,0.071274
1668,U,0,T,0.177963
1669,G,0,G,0.052269
1670,C,0,C,0.182191
1671,G,0,G,0.340835
1672,U,0,T,0.29769
1673,U,0,T,0.107848
1674,G,1,G,0.866286
1675,A,1,A,1.035057
1676,U,1,T,1.04745
1677,U,1,T,0.968821
1678,A,1,A,0.015046
1679,A,1,A,0.172285
1680,G,0,G,0.374494
1681,U,0,T,0.151468
1682,C,1,C,-0.011673
1683,C,1,C,0.000581
1684,C,1,C,0.000431
1685,U,0,T,0.034893
1686,G,0,G,-3.7e-05
1687,C,0,C,0.000181
1688,C,0,C,-3.8e-05
1689,C,0,C,-7.9e-05
1690,U,0,T,-4.1e-05
1691,U,0,T,0.0
1692,U,0,T,0.0
1693,G,0,G,0.0
1694,U,0,T,0.0
1695,A,1,A,0.0
1696,C,0,C,0.0
1697,A,0,A,0.0
1698,C,1,C,0.0
1699,A,1,A,0.0
1700,C,1,C,0.0
1701,C,1,C,0.0
1702,G,0,G,0.0
1703,C,1,C,0.0
1704,C,1,C,-6.1e-05
1705,C,0,C,0.0
1706,G,0,G,0.000802
1707,U,1,T,0.102955
1708,C,0,C,0.038696
1709,G,1,G,0.042076
1710,C,1,C,0.128181
1711,U,0,T,0.00155
1712,A,0,A,-0.000165
1713,C,0,C,-0.000173
1714,U,0,T,-0.000555
1715,A,1,A,-0.000403
1716,C,0,C,0.0
1717,C,0,C,-0.000112
1718,G,1,G,-0.000119
1719,A,1,A,-0.000124
1720,U,0,T,0.0
1721,U,1,T,0.0
1722,G,0,G,-0.000308
1723,G,0,G,0.0
1724,A,0,A,0.0
1725,U,0,T,0.0
1726,G,0,G,0.334652
1727,G,0,G,0.0
1728,U,0,T,0.0
1729,U,0,T,0.0
1730,U,1,T,-0.000506
1731,A,0,A,0.0
1732,G,0,G,-0.000287
1733,U,0,T,0.0
1734,G,1,G,0.0
1735,A,1,A,0.0
1736,G,0,G,-0.000353
1737,G,0,G,0.0
1738,C,0,C,-0.000395
1739,C,0,C,-0.000864
1740,C,1,C,0.0
1741,U,0,T,0.040522
1742,C,0,C,-0.001027
1743,G,1,G,0.0
1744,G,1,G,0.595906
1745,A,1,A,-0.000588
1746,U,0,T,0.0
1747,C,0,C,-0.000673
1748,G,0,G,0.0
1749,G,0,G,-0.00084
1750,C,0,C,0.0
1751,C,1,C,0.0
1752,C,0,C,0.0
1753,C,0,C,0.0
1754,G,0,G,0.0
1755,C,0,C,0.0
1756,C,0,C,0.0
1757,G,0,G,0.0
1758,G,0,G,0.0
1759,G,0,G,0.081203
1760,G,0,G,0.0
1761,U,0,T,0.0
1762,C,0,C,0.025249
1763,G,0,G,0.0
1764,G,1,G,-0.004933
1765,C,1,C,0.0
1766,C,1,C,0.0
1767,C,1,C,0.0
1768,A,1,A,0.0
