Nucleotide,Sequence.bpseq,unpair,Sequence,Reactivity_profile
1,A,1,A,0.0
2,A,1,A,0.0
3,A,1,A,-0.002632
4,U,1,U,0.002262
5,U,1,U,0.014779
6,G,1,G,0.006224
7,A,1,A,0.00409
8,A,1,A,0.011788
9,G,0,G,0.003613
10,A,0,A,-0.000293
11,G,0,G,-0.000154
12,U,0,U,0.00034
13,U,0,U,-0.000157
14,U,1,U,0.000623
15,G,1,G,0.001033
16,A,1,A,0.000537
17,U,0,U,0.000183
18,C,0,C,0.000611
19,A,0,A,0.002229
20,U,1,U,0.006109
21,G,0,G,0.00033
22,G,0,G,-5.1e-05
23,C,0,C,0.000518
24,U,0,U,0.001767
25,C,0,C,0.001002
26,A,1,A,0.012533
27,G,0,G,0.000555
28,A,0,A,0.000498
29,U,0,U,-0.000473
30,U,0,U,0.002856
31,G,1,G,0.009122
32,A,0,A,0.000756
33,A,0,A,0.000243
34,C,0,C,0.000131
35,G,0,G,9.6e-05
36,C,0,C,0.000575
37,U,0,U,0.009169
38,G,1,G,0.025799
39,G,0,G,0.00023
40,C,0,C,0.000182
41,G,0,G,0.000361
42,G,0,G,-0.000492
43,C,0,C,-3e-05
44,A,0,A,0.002472
45,G,0,G,0.000631
46,G,0,G,0.00043
47,C,0,C,0.000103
48,C,1,C,0.002291
49,U,1,U,0.00662
50,A,1,A,0.01977
51,A,1,A,0.001896
52,C,0,C,0.004108
53,A,0,A,0.00016
54,C,0,C,0.000128
55,A,1,A,0.006368
56,U,0,U,0.002253
57,G,0,G,0.001787
58,C,0,C,0.000927
59,A,1,A,0.01519
60,A,1,A,0.013947
61,G,0,G,0.001049
62,U,0,U,0.000657
63,C,0,C,-0.000108
64,G,1,G,0.000495
65,A,1,A,0.003653
66,A,0,A,0.001789
67,C,0,C,-0.016837
68,G,0,G,0.005422
69,G,0,G,0.001459
70,U,0,U,0.001292
71,A,1,A,0.002668
72,A,1,A,0.000663
73,C,0,C,0.000272
74,A,0,A,-5.2e-05
75,G,0,G,-0.000163
76,G,0,G,-0.000105
77,A,0,A,5e-05
78,A,0,A,8e-05
79,G,0,G,-4.1e-05
80,A,0,A,-0.016328
81,A,0,A,-8.1e-05
82,G,0,G,0.000573
83,C,1,C,0.001382
84,U,1,U,0.001507
85,U,1,U,0.007795
86,G,1,G,0.001911
87,C,0,C,-0.001295
88,U,0,U,-8.7e-05
89,U,0,U,0.000501
90,C,0,C,-0.003755
91,U,0,U,0.000845
92,U,0,U,0.000512
93,U,0,U,-0.009511
94,G,1,G,0.001372
95,C,0,C,0.000226
96,U,0,U,4e-06
97,G,0,G,0.001313
98,A,0,A,0.001517
99,C,0,C,0.000869
100,G,1,G,0.003974
101,A,0,A,0.003982
102,G,0,G,0.002851
103,U,0,U,0.002217
104,G,0,G,0.003332
105,G,0,G,0.008155
106,C,0,C,0.002056
107,G,1,G,0.00134
108,G,1,G,0.006749
109,A,1,A,0.004649
110,C,1,C,0.006935
111,G,1,G,0.012294
112,G,1,G,0.011607
113,G,0,G,0.002791
114,U,0,U,0.003874
115,G,0,G,0.001532
116,A,1,A,0.011963
117,G,1,G,0.006804
118,U,1,U,0.014631
119,A,1,A,0.025575
120,A,1,A,0.013449
121,U,1,U,0.012097
122,G,0,G,0.006143
123,U,0,U,-0.00089
124,C,0,C,-0.000106
125,U,0,U,-7.6e-05
126,G,0,G,-0.000718
127,G,0,G,0.000203
128,G,0,G,0.000721
129,A,0,A,0.002699
130,A,1,A,0.012045
131,A,0,A,-0.002576
132,C,0,C,0.001892
133,U,1,U,0.007913
134,G,1,G,0.012059
135,C,1,C,0.003785
136,C,0,C,0.000923
137,U,0,U,0.001832
138,G,0,G,0.000153
139,A,0,A,-0.000117
140,U,0,U,0.000254
141,G,0,G,-0.000371
142,G,0,G,8.9e-05
143,A,1,A,0.000575
144,G,0,G,0.001705
145,G,0,G,0.001618
146,G,0,G,0.000576
147,G,0,G,-0.000448
148,G,1,G,-0.000282
149,A,1,A,-9e-05
150,U,1,U,0.001053
151,A,1,A,0.001765
152,A,0,A,3.5e-05
153,C,0,C,-6.4e-05
154,U,0,U,-0.00028
155,A,0,A,-0.00014
156,C,0,C,-0.00017
157,U,0,U,0.000255
158,G,0,G,7.3e-05
159,G,1,G,0.001258
160,A,1,A,0.003684
161,A,1,A,0.005672
162,A,1,A,0.001271
163,C,0,C,0.001311
164,G,0,G,0.000528
165,G,0,G,-5.8e-05
166,U,0,U,-0.000264
167,A,0,A,8.4e-05
168,G,0,G,0.000266
169,C,0,C,9e-06
170,U,1,U,0.000154
171,A,1,A,0.000712
172,A,1,A,0.001768
173,U,1,U,0.007639
174,A,1,A,0.001353
175,C,0,C,7.7e-05
176,C,0,C,0.000518
177,G,0,G,0.044276
178,C,0,C,0.000446
179,A,1,A,0.001012
180,U,1,U,0.000812
181,A,1,A,0.002517
182,A,1,A,0.000365
183,C,1,C,-0.000671
184,G,0,G,2e-05
185,U,0,U,6.8e-05
186,C,0,C,0.000462
187,G,1,G,0.003561
188,C,1,C,0.006918
189,A,1,A,0.007755
190,A,1,A,0.004287
191,G,0,G,-5.6e-05
192,A,0,A,0.000195
193,C,0,C,7.3e-05
194,C,1,C,0.000978
195,A,1,A,0.000452
196,A,1,A,0.00081
197,A,1,A,0.000629
198,G,0,G,-0.0007
199,A,0,A,0.001401
200,G,0,G,0.000685
201,G,0,G,-0.000763
202,G,0,G,-0.000406
203,G,0,G,-0.000295
204,G,1,G,0.002191
205,A,1,A,0.017098
206,C,0,C,1.3e-05
207,C,0,C,-0.000868
208,U,1,U,0.001887
209,U,1,U,0.002841
210,C,1,C,0.008319
211,G,1,G,0.001573
212,G,0,G,0.001774
213,G,0,G,-0.000481
214,C,0,C,-0.00026
215,C,0,C,-7.6e-05
216,U,0,U,-0.000876
217,C,0,C,-0.014967
218,U,0,U,-0.000183
219,U,0,U,0.00095
220,G,1,G,-2.5e-05
221,C,0,C,4.5e-05
222,C,0,C,-0.00015
223,A,0,A,-0.000232
224,U,0,U,-0.001011
225,C,0,C,-0.002128
226,G,0,G,-0.004742
227,G,0,G,0.001076
228,A,1,A,0.003636
229,U,1,U,0.004451
230,G,0,G,0.004765
231,U,0,U,0.000834
232,G,0,G,0.005719
233,C,0,C,0.00018
234,C,0,C,-0.000232
235,C,0,C,-0.001016
236,A,0,A,1.1e-05
237,G,0,G,0.000663
238,A,0,A,0.001332
239,U,0,U,0.007393
240,G,0,G,-3.1e-05
241,G,0,G,-7e-05
242,G,0,G,-0.00027
243,A,1,A,0.001142
244,U,1,U,0.001502
245,U,0,U,0.003305
246,A,1,A,0.009964
247,G,0,G,0.000242
248,C,0,C,0.000992
249,U,0,U,0.000712
250,A,1,A,0.011636
251,G,1,G,0.008262
252,U,0,U,3.8e-05
253,A,0,A,-0.00653
254,G,0,G,-0.001021
255,G,0,G,-0.000533
256,U,0,U,-0.000453
257,G,0,G,8.6e-05
258,G,0,G,4.7e-05
259,G,0,G,-0.000219
260,G,1,G,0.000467
261,U,1,U,0.000186
262,A,1,A,0.004889
263,A,1,A,0.001294
264,C,1,C,0.001467
265,G,1,G,0.002271
266,G,1,G,0.003232
267,C,0,C,1.4e-05
268,U,0,U,-0.000247
269,C,0,C,-0.000658
270,A,0,A,-0.00099
271,C,0,C,-0.006253
272,C,0,C,8.3e-05
273,U,0,U,-0.004921
274,A,0,A,0.00149
275,G,0,G,0.000276
276,G,0,G,-0.00016
277,C,0,C,0.000588
278,G,1,G,0.000169
279,A,1,A,0.006956
280,C,1,C,0.00601
281,G,1,G,0.002349
282,A,1,A,0.000764
283,U,0,U,-0.000102
284,C,0,C,0.000251
285,C,0,C,-0.000996
286,C,0,C,0.000521
287,U,1,U,0.002029
288,A,1,A,0.007017
289,G,0,G,0.001654
290,C,0,C,0.000235
291,U,0,U,0.000129
292,G,0,G,9.3e-05
293,G,0,G,-0.000328
294,U,0,U,-0.001405
295,C,0,C,-2.4e-05
296,U,0,U,0.010104
297,G,1,G,0.012057
298,A,1,A,0.036935
299,G,1,G,0.000396
300,A,1,A,0.013569
301,G,0,G,0.045175
302,G,0,G,0.003865
303,A,0,A,0.009618
304,U,0,U,0.012104
305,G,1,G,-8.5e-05
306,A,1,A,0.000194
307,C,1,C,-0.000222
308,C,0,C,-0.000369
309,A,0,A,0.000366
310,G,0,G,-0.000601
311,C,0,C,0.001082
312,C,0,C,0.000202
313,A,0,A,0.007313
314,C,0,C,-5.8e-05
315,A,1,A,0.001844
316,C,0,C,0.00149
317,U,0,U,0.003169
318,G,0,G,0.008555
319,G,0,G,0.002717
320,A,0,A,0.021758
321,A,0,A,0.004683
322,C,1,C,0.002142
323,U,1,U,0.007579
324,G,1,G,0.015902
325,A,1,A,0.026088
326,G,1,G,0.009231
327,A,1,A,0.003862
328,C,1,C,0.024262
329,A,1,A,0.002891
330,C,1,C,0.006646
331,G,1,G,0.005364
332,G,0,G,0.001915
333,U,0,U,0.000558
334,C,0,C,-0.000163
335,C,0,C,-7.4e-05
336,A,0,A,0.002481
337,G,0,G,0.008948
338,A,1,A,0.008404
339,C,0,C,8.1e-05
340,U,0,U,0.000137
341,C,0,C,0.000187
342,C,0,C,0.000305
343,U,1,U,0.002309
344,A,1,A,0.00232
345,C,1,C,0.003366
346,G,1,G,0.002839
347,G,0,G,0.001525
348,G,0,G,0.000512
349,A,0,A,0.002112
350,G,0,G,0.002319
351,G,1,G,0.004864
352,C,1,C,0.001414
353,A,1,A,0.014498
354,G,0,G,0.000931
355,C,0,C,-1.8e-05
356,A,0,A,0.001387
357,G,0,G,0.003034
358,U,0,U,0.001161
359,G,0,G,0.002324
360,G,1,G,0.002412
361,G,0,G,0.000314
362,G,1,G,-0.000238
363,A,1,A,0.010829
364,A,1,A,0.008852
365,U,1,U,0.028847
366,A,1,A,0.014868
367,U,0,U,0.006094
368,U,1,U,0.002036
369,G,0,G,-0.000817
370,C,0,C,-0.000242
371,A,0,A,0.00804
372,C,1,C,0.004032
373,A,1,A,0.02979
374,A,1,A,0.020179
375,U,0,U,0.017197
376,G,0,G,0.000962
377,G,0,G,0.000291
378,G,0,G,-0.000576
379,C,0,C,0.003546
380,G,1,G,-6.1e-05
381,C,1,C,0.004517
382,A,1,A,0.004726
383,A,1,A,0.003654
384,G,0,G,-0.000155
385,C,0,C,9.7e-05
386,C,0,C,-0.00105
387,U,0,U,0.001641
388,G,0,G,0.004258
389,A,1,A,0.009701
390,U,0,U,0.001623
391,G,0,G,0.002189
392,C,0,C,-5.4e-05
393,A,0,A,0.007796
394,G,1,G,0.001977
395,C,0,C,0.000511
396,C,0,C,0.000435
397,A,1,A,0.010128
398,U,0,U,0.0025
399,G,0,G,-0.00024
400,C,0,C,-0.000267
401,C,0,C,4.9e-05
402,G,0,G,0.002931
403,C,0,C,0.001588
404,G,1,G,0.022143
405,U,1,U,0.013355
406,G,0,G,0.002425
407,U,0,U,0.000305
408,A,0,A,0.002016
409,U,0,U,0.000257
410,G,1,G,0.000587
411,A,1,A,0.000584
412,A,1,A,0.021796
413,G,1,G,0.000664
414,A,1,A,6e-05
415,A,1,A,0.001616
416,G,0,G,0.000488
417,G,0,G,-0.000463
418,C,0,C,5.7e-05
419,C,0,C,-0.00139
420,U,1,U,0.000663
421,U,1,U,0.002749
422,C,1,C,0.008612
423,G,1,G,0.001418
424,G,0,G,0.000368
425,G,0,G,0.000182
426,U,0,U,-7.4e-05
427,U,0,U,0.00249
428,G,1,G,0.001445
429,U,1,U,0.001688
430,A,1,A,0.001074
431,A,1,A,0.000771
432,A,1,A,0.001883
433,G,0,G,0.000588
434,U,0,U,0.000306
435,A,0,A,0.001621
436,C,0,C,-0.00629
437,U,1,U,0.005163
438,U,0,U,0.01195
439,U,1,U,0.004287
440,C,0,C,0.001477
441,A,0,A,0.002136
442,G,0,G,0.000389
443,C,0,C,-0.000976
444,G,0,G,1.9e-05
445,G,0,G,0.000175
446,G,0,G,-0.000166
447,G,1,G,-0.000594
448,A,1,A,0.008557
449,G,1,G,0.002106
450,G,0,G,0.002611
451,A,1,A,0.004027
452,A,1,A,0.007465
453,G,1,G,0.005052
454,G,1,G,0.00535
455,G,0,G,0.001452
456,A,0,A,-9e-05
457,G,0,G,-0.000467
458,U,0,U,-8.6e-05
459,A,0,A,-9.8e-05
460,A,0,A,-6.6e-05
461,A,0,A,0.000194
462,G,0,G,0.000583
463,U,1,U,0.001996
464,U,1,U,0.008906
465,A,1,A,0.011119
466,A,1,A,0.009227
467,U,1,U,0.009153
468,A,1,A,0.006223
469,C,1,C,0.000555
470,C,0,C,-0.007205
471,U,0,U,0.000133
472,U,0,U,1.4e-05
473,U,0,U,-3.5e-05
474,G,0,G,-0.000462
475,C,0,C,-0.000312
476,U,0,U,-0.000652
477,C,0,C,-5.7e-05
478,A,1,A,0.012543
479,U,1,U,0.000964
480,U,1,U,0.005276
481,G,1,G,0.0068
482,A,1,A,0.001855
483,C,0,C,0.000609
484,G,1,G,0.006195
485,U,1,U,0.005038
486,U,1,U,0.003741
487,A,1,A,0.005778
488,C,0,C,-0.000244
489,C,0,C,-0.000441
490,C,0,C,-0.000764
491,G,0,G,-0.000716
492,C,0,C,0.000514
493,A,0,A,0.001349
494,G,1,G,0.005654
495,A,1,A,0.01404
496,A,0,A,0.000266
497,G,0,G,0.008262
498,A,1,A,0.007249
499,A,1,A,0.004949
500,G,0,G,0.00042
501,C,0,C,0.000274
502,A,0,A,0.000586
503,C,0,C,-0.000152
504,C,0,C,-0.000147
505,G,0,G,0.010567
506,G,0,G,0.026739
507,C,0,C,0.005013
508,U,1,U,0.004493
509,A,1,A,0.006888
510,A,1,A,0.004448
511,C,0,C,0.000182
512,U,0,U,-0.000435
513,C,0,C,-0.000286
514,C,0,C,-0.000263
515,G,0,G,0.000363
516,U,1,U,0.000309
517,G,1,G,0.002248
518,C,1,C,0.001164
519,C,1,C,0.001965
520,A,1,A,0.01112
521,G,0,G,0.004448
522,C,0,C,0.000417
523,A,1,A,0.001826
524,G,0,G,0.010672
525,C,0,C,0.005797
526,C,0,C,0.013555
527,G,0,G,0.004995
528,C,0,C,0.000651
529,G,1,G,0.002955
530,G,1,G,0.003632
531,U,1,U,0.002669
532,A,1,A,0.007479
533,A,1,A,0.005723
534,U,1,U,0.005146
535,A,1,A,0.001323
536,C,0,C,5.8e-05
537,G,0,G,0.000118
538,G,0,G,0.00019
539,A,0,A,0.000255
540,G,0,G,0.003049
541,G,0,G,0.000524
542,G,0,G,0.000146
543,U,0,U,0.000292
544,G,0,G,0.000261
545,C,0,C,0.002549
546,A,1,A,0.013544
547,A,0,A,0.003974
548,G,0,G,-0.000305
549,C,0,C,-0.00044
550,G,0,G,7.4e-05
551,U,0,U,0.000347
552,U,0,U,0.001785
553,A,0,A,0.001933
554,A,0,A,0.000327
555,U,0,U,0.000665
556,C,0,C,0.000827
557,G,1,G,0.009282
558,G,1,G,0.022289
559,A,1,A,0.005226
560,A,1,A,0.005846
561,U,1,U,0.003772
562,U,1,U,0.046953
563,A,1,A,0.012285
564,C,1,C,0.000571
565,U,1,U,0.004006
566,G,1,G,0.000443
567,G,0,G,0.000354
568,G,0,G,-0.000444
569,C,0,C,0.00182
570,G,0,G,0.005474
571,U,0,U,0.009335
572,A,1,A,0.010684
573,A,1,A,0.020286
574,A,1,A,0.011354
575,G,0,G,0.010099
576,C,1,C,0.001425
577,G,0,G,8e-05
578,C,0,C,-6.7e-05
579,A,0,A,-0.000184
580,C,0,C,0.000123
581,G,1,G,0.004622
582,C,0,C,0.000667
583,A,1,A,0.000768
584,G,0,G,0.00042
585,G,0,G,-0.00015
586,C,0,C,0.00045
587,G,1,G,0.002131
588,G,0,G,-0.003696
589,U,0,U,0.000387
590,U,0,U,0.000157
591,U,0,U,6.6e-05
592,G,0,G,-0.000233
593,U,0,U,-0.000144
594,U,0,U,-0.000196
595,A,1,A,7e-06
596,A,0,A,0.000404
597,G,0,G,0.000399
598,U,0,U,0.000353
599,C,0,C,1.9e-05
600,A,0,A,-0.000161
601,G,0,G,-0.000108
602,A,0,A,-0.000175
603,U,0,U,0.000201
604,G,0,G,0.001681
605,U,0,U,0.000774
606,G,0,G,0.024631
607,A,1,A,0.004415
608,A,1,A,0.012702
609,A,1,A,0.006666
610,U,1,U,0.005571
611,C,0,C,0.000832
612,C,0,C,-0.000386
613,C,0,C,-0.00019
614,C,0,C,-0.000237
615,G,0,G,0.00018
616,G,0,G,-0.000243
617,G,0,G,0.000196
618,C,1,C,0.005607
619,U,1,U,0.026785
620,C,1,C,0.001985
621,A,1,A,0.004207
622,A,1,A,0.015519
623,C,0,C,0.0003
624,C,0,C,-0.000152
625,U,0,U,0.000511
626,G,0,G,-0.000256
627,G,0,G,-0.001916
628,G,0,G,0.000607
629,A,0,A,0.001037
630,A,1,A,0.002719
631,C,1,C,0.003214
632,U,0,U,0.016401
633,G,0,G,9e-05
634,C,0,C,-0.000112
635,A,0,A,2.4e-05
636,U,0,U,-0.002219
637,C,0,C,-0.000776
638,U,0,U,0.000347
639,G,0,G,-0.000257
640,A,0,A,0.000262
641,U,1,U,0.000619
642,A,1,A,0.000831
643,C,0,C,0.000267
644,U,0,U,0.000556
645,G,0,G,-0.000228
646,G,0,G,0.000392
647,C,0,C,1e-06
648,A,0,A,-0.000452
649,A,0,A,0.000137
650,G,0,G,-0.001222
651,C,0,C,0.00054
652,U,1,U,0.001844
653,U,1,U,0.008028
654,G,1,G,0.001647
655,A,0,A,0.000387
656,G,0,G,0.002062
657,U,0,U,0.000195
658,C,0,C,-0.000126
659,U,0,U,6.9e-05
660,C,0,C,0.000965
661,G,0,G,0.002025
662,U,0,U,0.004631
663,A,0,A,0.005301
664,G,1,G,0.02446
665,A,1,A,0.008065
666,G,0,G,0.000406
667,G,0,G,0.000384
668,G,0,G,0.000843
669,G,0,G,0.000523
670,G,0,G,-0.000265
671,G,0,G,0.002143
672,U,0,U,0.003261
673,A,0,A,0.00718
674,G,0,G,0.013949
675,A,1,A,0.011878
676,A,1,A,0.009856
677,U,0,U,0.005892
678,U,0,U,0.000394
679,C,0,C,-0.00062
680,C,0,C,-0.000286
681,A,0,A,0.000163
682,G,0,G,-0.001911
683,G,0,G,0.000866
684,U,0,U,0.008264
685,G,1,G,0.01836
686,U,1,U,0.005504
687,A,1,A,0.011449
688,G,0,G,0.009894
689,C,0,C,0.00039
690,G,0,G,0.003638
691,G,1,G,0.004239
692,U,1,U,0.006836
693,G,1,G,0.017384
694,A,1,A,0.004014
695,A,1,A,0.015682
696,A,1,A,0.007107
697,U,0,U,0.010891
698,G,0,G,0.005759
699,C,0,C,0.00068
700,G,1,G,0.004997
701,U,1,U,0.008598
702,A,1,A,0.009879
703,G,1,G,0.03796
704,A,1,A,0.002111
705,G,1,G,0.0021
706,A,0,A,0.002454
707,U,0,U,0.001569
708,C,0,C,4.7e-05
709,U,0,U,-8e-05
710,G,0,G,6.8e-05
711,G,0,G,-0.000358
712,A,0,A,0.001522
713,G,0,G,0.001999
714,G,1,G,0.007581
715,A,1,A,0.008212
716,A,0,A,0.002073
717,U,0,U,0.007145
718,A,1,A,0.004263
719,C,1,C,0.001053
720,C,1,C,0.002335
721,G,1,G,0.00858
722,G,0,G,0.025875
723,U,1,U,0.014745
724,G,1,G,0.00938
725,G,0,G,0.008927
726,C,0,C,0.005647
727,G,1,G,0.014018
728,A,1,A,0.007621
729,A,1,A,0.025337
730,G,1,G,0.018251
731,G,0,G,0.01285
732,C,0,C,0.012107
733,G,0,G,0.003884
734,G,0,G,0.004624
735,C,0,C,0.000596
736,C,0,C,-0.000352
737,C,0,C,0.004185
738,C,0,C,0.004398
739,C,0,C,0.00012
740,U,0,U,0.000328
741,G,1,G,0.008088
742,G,0,G,0.001157
743,A,0,A,0.000579
744,C,0,C,0.000202
745,G,0,G,0.000263
746,A,0,A,0.001312
747,A,1,A,0.006781
748,G,0,G,0.000145
749,A,0,A,0.00033
750,C,0,C,-0.000122
751,U,0,U,0.006463
752,G,1,G,0.001755
753,A,1,A,0.004522
754,C,1,C,7.5e-05
755,G,0,G,-0.000623
756,C,0,C,-0.0002
757,U,0,U,0.003563
758,C,0,C,0.002125
759,A,1,A,0.004957
760,G,1,G,0.006984
761,G,0,G,-0.000386
762,U,0,U,0.000113
763,G,0,G,-0.000391
764,C,0,C,0.000658
765,G,1,G,0.011655
766,A,1,A,0.010225
767,A,1,A,0.011822
768,A,1,A,0.00402
769,G,0,G,-7e-06
770,C,0,C,0.000788
771,G,0,G,-4.1e-05
772,U,0,U,0.000205
773,G,0,G,0.001046
774,G,0,G,0.000137
775,G,1,G,0.000695
776,G,1,G,0.001024
777,A,1,A,0.0164
778,G,0,G,0.007178
779,C,0,C,-0.003518
780,A,1,A,0.001758
781,A,1,A,0.005514
782,A,1,A,0.003636
783,C,0,C,0.000139
784,A,0,A,-0.000152
785,G,0,G,-0.000244
786,G,0,G,0.000408
787,A,1,A,0.001152
788,U,1,U,0.003297
789,U,1,U,0.013841
790,A,1,A,0.016114
791,G,1,G,0.022234
792,A,1,A,0.008436
793,U,1,U,0.004653
794,A,1,A,0.011134
795,C,1,C,0.000602
796,C,0,C,-0.000285
797,C,0,C,-0.000619
798,U,0,U,0.000545
799,G,0,G,0.001175
800,G,1,G,0.006463
801,U,1,U,0.002572
802,A,1,A,0.006391
803,G,0,G,0.004502
804,U,0,U,-0.002071
805,C,0,C,-0.000128
806,C,0,C,0.000215
807,A,0,A,2.5e-05
808,C,0,C,-0.000411
809,G,0,G,-0.000579
810,C,0,C,0.000939
811,C,1,C,0.00177
812,G,1,G,0.020995
813,U,1,U,0.020852
814,A,1,A,0.002218
815,A,1,A,0.006539
816,A,1,A,0.004922
817,C,1,C,0.007637
818,G,1,G,0.025756
819,A,1,A,0.020893
820,U,1,U,0.008799
821,G,0,G,0.001577
822,U,0,U,0.000282
823,C,0,C,-0.000138
824,G,0,G,0.000571
825,A,0,A,0.00134
826,C,0,C,0.00019
827,U,1,U,0.007091
828,U,1,U,0.019857
829,G,0,G,0.002249
830,G,0,G,0.000976
831,A,0,A,0.001187
832,G,0,G,0.000222
833,G,0,G,-0.000144
834,U,0,U,0.000673
835,U,0,U,0.002736
836,G,0,G,0.003948
837,U,0,U,0.001179
838,G,0,G,0.001045
839,C,0,C,0.00075
840,C,0,C,0.000341
841,C,1,C,0.007273
842,U,1,U,0.005226
843,U,1,U,0.009511
844,G,1,G,0.004849
845,A,1,A,0.017666
846,G,0,G,0.000855
847,G,0,G,-0.000329
848,C,0,C,-0.000911
849,G,0,G,0.0008
850,U,0,U,0.000748
851,G,0,G,7.3e-05
852,G,0,G,0.000281
853,C,0,C,-0.001649
854,U,0,U,3e-06
855,U,0,U,-0.011108
856,C,0,C,0.000415
857,C,0,C,-0.000328
858,G,1,G,0.007132
859,G,1,G,0.003207
860,A,1,A,0.008127
861,G,0,G,0.002275
862,C,0,C,0.000796
863,U,1,U,0.010784
864,A,1,A,0.014749
865,A,0,A,0.00393
866,C,0,C,0.005628
867,G,0,G,0.007106
868,C,0,C,0.000267
869,G,1,G,0.016782
870,U,1,U,0.012683
871,U,1,U,0.013948
872,A,1,A,0.004113
873,A,1,A,0.002553
874,G,0,G,0.000371
875,U,0,U,0.000216
876,C,0,C,0.000625
877,G,0,G,0.000487
878,A,0,A,0.000868
879,C,0,C,0.00096
880,C,0,C,3.4e-05
881,G,0,G,-0.001079
882,C,0,C,-0.00042
883,C,0,C,-0.000511
884,U,1,U,0.001273
885,G,0,G,0.001356
886,G,0,G,0.001795
887,G,0,G,0.002411
888,G,1,G,0.000317
889,A,1,A,0.013897
890,G,1,G,0.01044
891,U,1,U,0.013364
892,A,1,A,0.008837
893,C,1,C,0.007049
894,G,0,G,0.002335
895,G,0,G,0.000215
896,C,0,C,-0.00054
897,C,0,C,-0.001143
898,G,1,G,0.012852
899,C,1,C,0.006925
900,A,1,A,0.009444
901,A,1,A,0.008678
902,G,0,G,0.001364
903,G,0,G,-0.002429
904,U,0,U,0.000303
905,U,0,U,0.00709
906,A,1,A,0.002155
907,A,1,A,0.007781
908,A,1,A,0.000591
909,A,1,A,0.000508
910,C,0,C,-0.001054
911,U,0,U,0.000431
912,C,0,C,0.001688
913,A,1,A,0.00326
914,A,1,A,0.01455
915,A,1,A,0.012122
916,U,0,U,0.005021
917,G,0,G,0.030811
918,A,0,A,0.003023
919,A,1,A,0.021753
920,U,1,U,0.01282
921,U,0,U,0.004632
922,G,0,G,0.000837
923,A,0,A,0.00102
924,C,0,C,-0.000732
925,G,0,G,0.001213
926,G,1,G,0.000354
927,G,0,G,0.001975
928,G,0,G,3.9e-05
929,G,0,G,0.000469
930,C,0,C,0.001428
931,C,0,C,0.00012
932,C,0,C,0.000429
933,G,0,G,0.01059
934,C,1,C,-8.1e-05
935,A,0,A,0.024173
936,C,0,C,0.003915
937,A,1,A,0.01294
938,A,1,A,0.004567
939,G,0,G,0.009836
940,C,0,C,0.001897
941,G,0,G,0.00489
942,G,0,G,0.0031
943,U,0,U,0.004847
944,G,0,G,0.003186
945,G,0,G,5.9e-05
946,A,0,A,0.001106
947,G,0,G,-6.4e-05
948,C,0,C,0.002171
949,A,0,A,0.008296
950,U,0,U,0.008118
951,G,0,G,0.031013
952,U,0,U,0.006056
953,G,0,G,0.001657
954,G,0,G,-0.000318
955,U,0,U,0.005598
956,U,1,U,0.003991
957,U,1,U,0.012
958,A,1,A,0.023345
959,A,1,A,0.016815
960,U,0,U,0.00189
961,U,0,U,0.00078
962,C,0,C,0.000697
963,G,0,G,0.001764
964,A,1,A,0.00494
965,U,1,U,0.007905
966,G,1,G,0.019059
967,C,1,C,0.003426
968,A,1,A,0.024649
969,A,1,A,0.005149
970,C,1,C,0.009405
971,G,1,G,0.007802
972,C,0,C,0.001397
973,G,0,G,0.000938
974,A,0,A,0.00131
975,A,0,A,0.005982
976,G,1,G,0.002225
977,A,1,A,0.002184
978,A,1,A,0.003899
979,C,1,C,0.000478
980,C,1,C,-4.6e-05
981,U,1,U,0.01074
982,U,1,U,0.011665
983,A,1,A,0.011731
984,C,0,C,0.000386
985,C,0,C,-0.000822
986,U,0,U,-5e-05
987,G,0,G,0.000369
988,G,0,G,0.000197
989,U,0,U,-0.000671
990,C,0,C,0.002399
991,U,1,U,0.008464
992,U,1,U,0.013454
993,G,1,G,0.020996
994,A,1,A,0.00623
995,C,1,C,0.004531
996,A,0,A,0.00648
997,U,0,U,0.001424
998,C,0,C,0.001613
999,C,0,C,0.000345
1000,A,0,A,-2.7e-05
1001,C,0,C,-1e-05
1002,G,0,G,0.00055
1003,G,0,G,0.003604
1004,A,1,A,0.008555
1005,A,1,A,0.011898
1006,G,0,G,-0.004815
1007,U,0,U,0.000709
1008,U,0,U,-0.000142
1009,U,0,U,-0.000254
1010,U,0,U,-0.000804
1011,C,0,C,-0.000137
1012,A,0,A,0.000678
1013,G,1,G,0.015407
1014,A,1,A,0.000361
1015,G,1,G,0.001344
1016,A,1,A,0.006775
1017,U,0,U,0.003212
1018,G,0,G,0.000589
1019,A,0,A,0.000713
1020,G,0,G,0.000633
1021,A,0,A,0.000748
1022,A,0,A,0.001088
1023,U,0,U,0.003224
1024,G,1,G,0.011103
1025,U,0,U,0.005944
1026,G,0,G,0.006378
1027,C,0,C,0.000146
1028,C,0,C,-0.002904
1029,U,1,U,0.000673
1030,U,1,U,0.003292
1031,C,1,C,0.008385
1032,G,1,G,0.000472
1033,G,0,G,-0.000149
1034,G,0,G,0.000427
1035,A,0,A,0.001874
1036,A,0,A,0.002462
1037,C,0,C,-5.7e-05
1038,C,0,C,0.002246
1039,G,0,G,-0.000453
1040,U,0,U,-0.000106
1041,G,0,G,-0.000368
1042,A,1,A,0.016961
1043,G,0,G,0.000959
1044,A,0,A,0.002989
1045,C,0,C,0.009012
1046,A,1,A,0.00603
1047,G,0,G,0.00304
1048,G,0,G,0.000386
1049,U,1,U,0.007488
1050,G,0,G,0.004
1051,C,0,C,0.000743
1052,U,0,U,0.002898
1053,G,0,G,0.003781
1054,C,1,C,0.009481
1055,A,1,A,0.000939
1056,U,0,U,0.000669
1057,G,0,G,-1.1e-05
1058,G,0,G,-0.000676
1059,C,0,C,0.000312
1060,U,0,U,0.000358
1061,G,0,G,0.001221
1062,U,0,U,0.000451
1063,C,0,C,-3.7e-05
1064,G,0,G,-1e-05
1065,U,1,U,-3.7e-05
1066,C,1,C,0.000499
1067,A,1,A,0.010725
1068,G,0,G,-0.000404
1069,C,0,C,-0.0001
1070,U,0,U,0.000127
1071,C,0,C,0.000275
1072,G,0,G,0.004412
1073,U,0,U,0.012069
1074,G,0,G,0.01157
1075,U,0,U,0.023424
1076,U,0,U,0.001984
1077,G,1,G,0.032569
1078,U,1,U,0.002902
1079,G,1,G,0.028807
1080,A,1,A,0.0023
1081,A,0,A,0.022045
1082,A,0,A,0.015417
1083,U,0,U,0.004248
1084,G,1,G,0.014005
1085,U,1,U,0.011694
1086,U,0,U,0.014846
1087,G,0,G,0.000559
1088,G,0,G,0.000654
1089,G,0,G,0.000484
1090,U,1,U,0.002927
1091,U,1,U,0.005493
1092,A,1,A,0.003386
1093,A,1,A,0.008832
1094,G,1,G,0.028026
1095,U,1,U,0.00522
1096,C,0,C,2.7e-05
1097,C,0,C,-0.000299
1098,C,0,C,0.000313
1099,G,0,G,0.002926
1100,C,1,C,0.00081
1101,A,1,A,0.004082
1102,A,0,A,0.000802
1103,C,0,C,-0.000354
1104,G,0,G,0.000641
1105,A,0,A,0.000203
1106,G,0,G,0.000313
1107,C,0,C,0.019684
1108,G,1,G,0.00397
1109,C,1,C,0.00324
1110,A,1,A,0.004257
1111,A,1,A,0.017154
1112,C,1,C,0.000414
1113,C,0,C,0.00034
1114,C,0,C,-0.004071
1115,U,0,U,0.015388
1116,U,0,U,0.007405
1117,A,1,A,0.004775
1118,U,0,U,0.000399
1119,C,0,C,8e-05
1120,C,0,C,-0.002099
1121,U,0,U,0.002423
1122,U,0,U,0.000156
1123,U,0,U,0.000263
1124,G,0,G,0.010672
1125,U,1,U,0.000365
1126,U,1,U,0.004836
1127,G,1,G,0.008458
1128,C,0,C,-0.000113
1129,C,0,C,-0.000436
1130,A,1,A,0.001524
1131,G,1,G,0.002136
1132,C,0,C,-2.8e-05
1133,G,0,G,0.000512
1134,G,0,G,0.001468
1135,U,1,U,0.000311
1136,C,1,C,0.002934
1137,C,1,C,0.007088
1138,G,1,G,0.001432
1139,G,1,G,0.000299
1140,C,0,C,-0.000281
1141,C,0,C,0.000673
1142,G,0,G,-0.000344
1143,G,0,G,-0.00082
1144,G,0,G,0.000813
1145,A,1,A,0.004289
1146,A,1,A,0.004959
1147,C,1,C,0.002054
1148,U,1,U,0.004103
1149,C,0,C,0.001548
1150,A,0,A,0.000208
1151,A,0,A,0.000277
1152,A,0,A,0.000149
1153,G,0,G,-0.00024
1154,G,0,G,-0.000253
1155,A,0,A,0.000586
1156,G,1,G,0.00072
1157,A,1,A,0.000734
1158,C,0,C,0.000256
1159,U,0,U,0.004292
1160,G,0,G,0.00125
1161,C,0,C,-4.5e-05
1162,C,0,C,-0.000288
1163,A,0,A,-5.4e-05
1164,G,0,G,0.000126
1165,U,0,U,0.000421
1166,G,1,G,0.003279
1167,A,1,A,0.009716
1168,U,1,U,0.023593
1169,A,1,A,0.009637
1170,A,1,A,0.019947
1171,A,0,A,0.001226
1172,C,0,C,0.000102
1173,U,0,U,-0.00032
1174,G,0,G,-0.000339
1175,G,0,G,-3.1e-05
1176,A,0,A,0.000121
1177,G,0,G,0.001034
1178,G,0,G,0.000643
1179,A,1,A,0.001536
1180,A,1,A,0.001274
1181,G,1,G,0.000462
1182,G,1,G,0.008695
1183,U,1,U,0.013817
1184,G,0,G,-0.000351
1185,G,0,G,-0.000304
1186,G,0,G,0.000144
1187,G,0,G,0.001586
1188,A,1,A,0.010706
1189,U,1,U,0.007851
1190,G,1,G,0.000392
1191,A,1,A,-6.6e-05
1192,C,0,C,-0.000422
1193,G,0,G,0.000258
1194,U,0,U,0.00128
1195,C,0,C,0.001288
1196,A,1,A,0.007938
1197,A,0,A,0.004228
1198,G,0,G,0.00042
1199,U,0,U,0.00014
1200,C,1,C,9.7e-05
1201,A,1,A,0.000577
1202,U,1,U,0.000188
1203,C,0,C,0.000925
1204,A,0,A,0.006659
1205,U,0,U,0.01048
1206,G,0,G,0.000426
1207,G,0,G,0.011645
1208,C,0,C,-0.000822
1209,C,0,C,-3.9e-05
1210,C,0,C,0.000674
1211,U,1,U,0.018174
1212,U,1,U,0.023033
1213,A,1,A,0.007826
1214,C,1,C,0.002607
1215,G,0,G,0.000655
1216,A,0,A,-0.000269
1217,C,0,C,6.3e-05
1218,C,0,C,0.000269
1219,A,0,A,-4e-05
1220,G,0,G,0.000544
1221,G,0,G,0.00298
1222,G,1,G,0.000988
1223,C,1,C,0.001787
1224,U,1,U,0.013985
1225,A,0,A,0.001108
1226,C,0,C,0.010609
1227,A,1,A,0.000101
1228,C,0,C,0.00035
1229,A,0,A,0.001705
1230,C,0,C,0.001154
1231,G,0,G,0.003275
1232,U,0,U,0.002934
1233,G,0,G,0.002081
1234,C,0,C,0.000608
1235,U,0,U,0.004262
1236,A,0,A,0.004941
1237,C,0,C,0.006464
1238,A,1,A,0.021491
1239,A,1,A,0.033306
1240,U,1,U,0.012135
1241,G,0,G,0.0001
1242,G,0,G,-6.3e-05
1243,C,0,C,0.000211
1244,G,0,G,-0.000625
1245,C,0,C,-0.0004
1246,A,0,A,0.000136
1247,U,0,U,0.011656
1248,A,1,A,0.008946
1249,C,1,C,0.009398
1250,A,1,A,0.008086
1251,A,1,A,0.013251
1252,A,1,A,0.0014
1253,G,0,G,0.003803
1254,A,0,A,2.7e-05
1255,G,0,G,0.001318
1256,A,1,A,0.016771
1257,A,1,A,0.002722
1258,G,0,G,0.000886
1259,C,0,C,0.00015
1260,G,1,G,0.000321
1261,A,1,A,0.003342
1262,C,1,C,-0.000138
1263,C,0,C,-0.000464
1264,U,0,U,0.000802
1265,C,0,C,0.000214
1266,G,1,G,0.00429
1267,C,1,C,0.0051
1268,G,1,G,0.006386
1269,A,1,A,0.012056
1270,G,0,G,-0.000161
1271,A,0,A,8.6e-05
1272,G,0,G,6.1e-05
1273,C,1,C,0.000724
1274,A,1,A,0.003778
1275,A,1,A,0.000361
1276,G,0,G,0.000689
1277,C,0,C,-0.002441
1278,G,1,G,0.00427
1279,G,1,G,0.005888
1280,A,1,A,0.00918
1281,C,1,C,0.000346
1282,C,0,C,0.000297
1283,U,0,U,0.007382
1284,C,0,C,0.001029
1285,A,1,A,0.005749
1286,U,1,U,0.021889
1287,A,1,A,0.020343
1288,A,1,A,0.013688
1289,A,1,A,0.006933
1290,G,0,G,0.003219
1291,U,0,U,0.00058
1292,G,0,G,-0.000343
1293,C,0,C,0.000287
1294,G,0,G,-9.7e-05
1295,U,0,U,0.000123
1296,C,0,C,0.000631
1297,G,1,G,0.004203
1298,U,1,U,0.001313
1299,A,1,A,0.007029
1300,G,1,G,0.008552
1301,U,1,U,0.004969
1302,C,1,C,0.007194
1303,C,0,C,0.001423
1304,G,1,G,0.002608
1305,G,1,G,0.002042
1306,A,1,A,0.003559
1307,U,0,U,0.000226
1308,U,0,U,0.001743
1309,G,0,G,0.000228
1310,G,0,G,-0.000208
1311,A,0,A,-0.000368
1312,G,0,G,-0.000178
1313,U,0,U,0.000384
1314,C,0,C,0.000803
1315,U,1,U,0.019782
1316,G,1,G,0.027822
1317,C,1,C,0.00268
1318,A,1,A,0.009752
1319,A,1,A,0.016288
1320,C,1,C,0.007449
1321,U,1,U,0.026328
1322,C,1,C,0.005613
1323,G,0,G,8.2e-05
1324,A,0,A,-0.000345
1325,C,0,C,2.2e-05
1326,U,0,U,-0.001809
1327,C,0,C,-7.7e-05
1328,C,0,C,-0.000484
1329,A,0,A,0.000282
1330,U,0,U,0.002299
1331,G,1,G,0.012474
1332,A,1,A,0.006076
1333,A,1,A,0.005522
1334,G,0,G,0.013633
1335,U,1,U,0.020568
1336,C,1,C,0.007506
1337,G,1,G,0.000523
1338,G,1,G,0.001428
1339,A,1,A,0.002696
1340,A,0,A,0.004565
1341,U,0,U,0.005336
1342,C,0,C,0.002319
1343,G,0,G,0.002819
1344,C,0,C,0.004678
1345,U,1,U,0.003791
1346,A,1,A,0.003413
1347,G,1,G,0.002247
1348,U,1,U,0.00231
1349,A,1,A,0.002911
1350,A,0,A,0.000214
1351,U,0,U,8.2e-05
1352,C,0,C,-0.000215
1353,G,0,G,1.2e-05
1354,U,0,U,-0.000309
1355,G,0,G,0.000212
1356,G,0,G,0.000543
1357,A,0,A,0.003173
1358,U,1,U,0.006812
1359,C,1,C,0.009791
1360,A,1,A,0.021567
1361,G,1,G,0.036204
1362,A,1,A,0.028479
1363,A,1,A,0.012271
1364,U,1,U,0.012726
1365,G,0,G,0.006122
1366,C,0,C,0.000177
1367,C,0,C,-3.8e-05
1368,A,0,A,-3.9e-05
1369,C,0,C,-0.000296
1370,G,0,G,-0.00028
1371,G,0,G,0.000363
1372,U,0,U,0.000141
1373,G,1,G,0.000417
1374,A,1,A,0.004203
1375,A,1,A,0.001315
1376,U,1,U,0.009694
1377,A,1,A,0.003556
1378,C,1,C,0.002091
1379,G,0,G,0.002745
1380,U,0,U,0.000864
1381,U,1,U,0.001965
1382,C,1,C,0.00143
1383,C,1,C,0.000698
1384,C,0,C,0.003667
1385,G,0,G,0.000184
1386,G,0,G,-1.2e-05
1387,G,0,G,0.00029
1388,C,0,C,0.000504
1389,C,0,C,0.001141
1390,U,0,U,0.009782
1391,U,0,U,0.023671
1392,G,0,G,0.022061
1393,U,0,U,0.019885
1394,A,1,A,0.004154
1395,C,0,C,0.031579
1396,A,0,A,0.001109
1397,C,1,C,0.001091
1398,A,1,A,0.006501
1399,C,0,C,0.002508
1400,C,1,C,0.003059
1401,G,0,G,0.014873
1402,C,0,C,0.001377
1403,C,1,C,-3.7e-05
1404,C,0,C,-0.000516
1405,G,0,G,-0.000181
1406,U,1,U,0.001381
1407,C,0,C,0.000575
1408,A,1,A,0.012429
1409,C,0,C,-0.000251
1410,A,0,A,0.001747
1411,C,0,C,0.002932
1412,C,0,C,0.000418
1413,A,0,A,0.005987
1414,U,0,U,0.005328
1415,G,0,G,0.0022
1416,G,0,G,0.001975
1417,G,1,G,0.001101
1418,A,1,A,0.006234
1419,G,0,G,0.00099
1420,U,0,U,-7.4e-05
1421,G,0,G,-0.0005
1422,G,0,G,0.000474
1423,G,0,G,-0.000909
1424,U,0,U,-6e-05
1425,U,0,U,1.4e-05
1426,G,0,G,-0.00039
1427,C,0,C,-0.007877
1428,A,0,A,0.000645
1429,A,0,A,0.005774
1430,A,0,A,0.001096
1431,A,1,A,0.002003
1432,G,1,G,0.009368
1433,A,1,A,0.002553
1434,A,1,A,0.002389
1435,G,0,G,-6e-06
1436,U,0,U,0.000213
1437,A,0,A,0.000608
1438,G,0,G,0.001928
1439,G,0,G,-0.000329
1440,U,0,U,0.000664
1441,A,1,A,0.024951
1442,G,0,G,-0.000311
1443,C,0,C,-0.00108
1444,U,0,U,0.005001
1445,U,0,U,0.007193
1446,A,1,A,0.009219
1447,A,1,A,0.013688
1448,C,0,C,0.000451
1449,C,0,C,-6.2e-05
1450,U,1,U,0.001946
1451,U,1,U,0.005364
1452,C,1,C,0.008148
1453,G,1,G,0.002395
1454,G,0,G,0.000975
1455,G,0,G,-7.1e-05
1456,A,1,A,0.004489
1457,G,0,G,0.00094
1458,G,0,G,0.000405
1459,G,0,G,-0.000423
1460,C,0,C,0.000644
1461,G,0,G,-0.003384
1462,C,0,C,-0.001294
1463,U,0,U,0.000176
1464,U,0,U,0.00043
1465,A,0,A,-0.000262
1466,C,0,C,9.1e-05
1467,C,1,C,0.001283
1468,A,1,A,0.004513
1469,C,1,C,0.001806
1470,U,0,U,0.001753
1471,U,0,U,0.000564
1472,U,0,U,0.000137
1473,G,0,G,0.000624
1474,U,0,U,0.000547
1475,G,0,G,0.001498
1476,A,0,A,0.000635
1477,U,0,U,-0.000481
1478,U,0,U,0.000691
1479,C,0,C,0.000663
1480,A,0,A,0.00058
1481,U,0,U,0.000887
1482,G,1,G,0.004451
1483,A,1,A,0.002437
1484,C,0,C,0.002201
1485,U,0,U,0.004666
1486,G,0,G,-0.000679
1487,G,0,G,0.005116
1488,G,0,G,-0.0004
1489,G,0,G,0.001342
1490,U,0,U,0.000241
1491,G,0,G,0.00498
1492,A,1,A,0.002616
1493,A,1,A,0.005057
1494,G,0,G,0.003453
1495,U,1,U,0.005148
1496,C,0,C,0.001885
1497,G,0,G,0.007194
1498,U,1,U,0.009436
1499,A,1,A,0.007813
1500,A,0,A,0.006146
1501,C,0,C,0.012421
1502,A,1,A,0.006062
1503,A,1,A,0.004646
1504,G,0,G,0.010079
1505,G,1,G,0.005031
1506,U,0,U,0.010012
1507,A,0,A,0.000731
1508,A,0,A,0.000817
1509,C,0,C,-0.000363
1510,C,0,C,0.000255
1511,G,0,G,0.000229
1512,U,0,U,0.000632
1513,A,0,A,0.000921
1514,G,0,G,-0.000784
1515,G,0,G,-0.00523
1516,G,1,G,-0.000212
1517,G,1,G,0.008122
1518,A,1,A,0.0119
1519,A,1,A,0.047596
1520,C,0,C,-0.001304
1521,C,0,C,-0.000289
1522,U,0,U,0.000227
1523,G,0,G,2.5e-05
1524,C,0,C,-0.001297
1525,G,0,G,0.001987
1526,G,0,G,0.00565
1527,U,0,U,-6.2e-05
1528,U,0,U,0.000902
1529,G,0,G,0.000877
1530,G,1,G,0.001654
1531,A,1,A,0.004807
1532,U,1,U,0.012372
