Nucleotide,seq,unpair,Sequence,Reactivity_profile,Norm_profile
21,U,1.0,U,-0.011519,-1.333161
22,A,0.0,A,0.000533,0.061687
23,G,0.0,G,-0.000979,-0.113305
24,C,1.0,C,0.000477,0.055206
25,A,0.0,A,0.002354,0.272442
26,U,0.0,U,0.00195,0.225685
27,A,0.0,A,-0.000932,-0.107866
28,U,0.0,U,0.008739,1.011415
29,G,0.0,G,-0.000155,-0.017939
30,C,0.0,C,0.000847,0.098028
31,U,0.0,U,0.002132,0.246749
32,U,1.0,U,0.003622,0.419195
33,G,1.0,G,0.001911,0.221171
34,U,0.0,U,0.000184,0.021295
35,C,1.0,C,0.001964,0.227305
36,U,0.0,U,0.000807,0.093399
37,C,0.0,C,0.007216,0.83515
38,A,1.0,A,0.009684,1.120786
39,A,1.0,A,0.021502,2.488551
40,A,0.0,A,0.004588,0.530996
41,G,0.0,G,0.004639,0.536898
42,A,1.0,A,0.002212,0.256008
43,U,1.0,U,0.009062,1.048798
44,U,1.0,U,0.021846,2.528365
45,A,1.0,A,0.005271,0.610043
46,A,1.0,A,0.001405,0.162609
47,G,0.0,G,-0.000764,-0.088422
48,C,0.0,C,0.00102,0.118051
49,C,0.0,C,0.001143,0.132286
50,A,1.0,A,0.002802,0.324292
51,U,0.0,U,0.004153,0.480651
52,G,0.0,G,0.000943,0.109139
53,C,0.0,C,0.000471,0.054512
54,A,1.0,A,0.008258,0.955746
55,U,1.0,U,0.004737,0.548241
56,G,0.0,G,0.007429,0.859801
57,U,0.0,U,-4e-05,-0.004629
58,C,1.0,C,0.005909,0.683883
59,U,1.0,U,0.001802,0.208556
60,A,1.0,A,0.010959,1.268349
61,A,0.0,A,0.00853,0.987226
62,G,0.0,G,0.004504,0.521274
63,U,0.0,U,0.006393,0.739899
64,A,1.0,A,0.006254,0.723812
65,C,1.0,C,0.003412,0.394891
66,G,1.0,G,0.002281,0.263993
67,C,1.0,C,0.00138,0.159715
68,A,0.0,A,0.002643,0.30589
69,C,0.0,C,0.003505,0.405654
70,G,1.0,G,0.001247,0.144323
71,G,1.0,G,0.00117,0.135411
72,C,1.0,C,0.001972,0.228231
73,C,1.0,C,0.002961,0.342694
74,G,1.0,G,0.005518,0.63863
75,G,1.0,G,0.000612,0.07083
76,U,1.0,U,0.005694,0.659
77,A,1.0,A,0.010582,1.224716
78,C,1.0,C,0.00451,0.521969
79,A,1.0,A,0.003649,0.42232
80,G,0.0,G,0.00177,0.204852
81,U,0.0,U,0.012728,1.473085
82,G,1.0,G,0.01183,1.369155
83,A,1.0,A,0.009907,1.146595
84,A,1.0,A,0.01379,1.595997
85,A,0.0,A,0.00704,0.81478
86,C,0.0,C,0.003043,0.352184
87,U,0.0,U,0.000802,0.09282
88,G,0.0,G,0.001005,0.116314
89,C,0.0,C,0.001847,0.213764
90,G,1.0,G,0.011878,1.37471
91,A,1.0,A,0.004951,0.573008
92,A,1.0,A,0.007479,0.865588
93,U,1.0,U,0.000485,0.056132
94,G,1.0,G,0.00131,0.151614
95,G,1.0,G,0.001297,0.150109
96,C,0.0,C,0.000965,0.111685
97,U,0.0,U,0.003088,0.357392
98,C,0.0,C,0.001525,0.176497
99,A,1.0,A,0.000892,0.103236
100,U,1.0,U,0.002476,0.286562
101,U,1.0,U,0.019024,2.201758
102,A,1.0,A,0.000469,0.05428
103,A,1.0,A,0.004778,0.552986
104,A,1.0,A,0.003131,0.362369
105,U,1.0,U,-0.000178,-0.020601
106,C,0.0,C,0.002201,0.254735
107,A,0.0,A,0.001207,0.139693
108,G,0.0,G,0.002199,0.254503
109,U,1.0,U,0.002872,0.332393
110,U,1.0,U,0.006306,0.72983
111,A,1.0,A,0.012373,1.431999
112,U,0.0,U,0.006266,0.725201
113,G,1.0,G,0.003153,0.364915
114,G,1.0,G,0.005819,0.673467
115,U,0.0,U,0.000897,0.103815
116,U,0.0,U,0.000122,0.01412
117,C,1.0,C,0.001274,0.147447
118,C,1.0,C,0.012103,1.400751
119,U,1.0,U,0.003993,0.462133
120,U,1.0,U,0.000939,0.108676
121,U,0.0,U,0.001084,0.125458
122,G,0.0,G,0.003386,0.391881
123,G,0.0,G,0.003392,0.392576
124,U,1.0,U,0.001799,0.208209
125,C,1.0,C,0.005109,0.591294
126,G,1.0,G,0.004413,0.510742
127,C,1.0,C,0.004376,0.50646
128,U,1.0,U,0.003979,0.460513
129,C,1.0,C,0.002352,0.272211
130,G,1.0,G,0.001848,0.21388
131,C,1.0,C,0.0007,0.081015
132,U,1.0,U,0.001913,0.221403
133,C,1.0,C,0.003123,0.361443
134,C,1.0,C,0.001156,0.133791
135,U,1.0,U,0.003504,0.405538
136,C,1.0,C,0.000816,0.09444
137,U,1.0,U,0.001386,0.16041
138,C,1.0,C,0.001592,0.184251
139,C,1.0,C,0.000545,0.063076
140,U,1.0,U,0.000597,0.069094
141,A,1.0,A,0.012904,1.493455
142,C,0.0,C,0.005382,0.62289
143,U,1.0,U,0.001865,0.215847
144,U,0.0,U,0.005918,0.684925
145,G,0.0,G,0.00117,0.135411
146,G,1.0,G,0.000386,0.044674
147,A,1.0,A,0.002473,0.286215
148,U,1.0,U,0.009636,1.11523
149,A,1.0,A,0.017736,2.05269
150,A,1.0,A,0.01106,1.280038
151,C,0.0,C,0.008348,0.966163
152,U,0.0,U,0.004233,0.48991
153,G,1.0,G,0.005493,0.635737
154,U,0.0,U,0.002552,0.295358
155,G,0.0,G,0.000264,0.030554
156,G,0.0,G,0.000396,0.045831
157,U,1.0,U,0.002931,0.339222
158,A,1.0,A,0.005596,0.647658
159,A,1.0,A,-0.000165,-0.019096
160,U,1.0,U,0.002874,0.332625
161,U,1.0,U,0.000238,0.027545
162,C,0.0,C,0.001463,0.169321
163,U,0.0,U,-7.2e-05,-0.008333
164,A,0.0,A,0.000557,0.064465
165,G,1.0,G,0.000893,0.103352
166,A,0.0,A,-1.3e-05,-0.001505
167,G,0.0,G,-0.000434,-0.050229
168,C,1.0,C,4.9e-05,0.005671
169,U,1.0,U,0.004419,0.511437
170,A,1.0,A,0.008221,0.951464
171,A,1.0,A,0.004877,0.564444
172,U,1.0,U,6e-05,0.006944
173,A,1.0,A,0.007904,0.914776
174,C,0.0,C,0.000464,0.053701
175,A,0.0,A,0.001968,0.227768
176,U,1.0,U,0.003154,0.365031
177,G,0.0,G,-0.000226,-0.026156
178,C,1.0,C,0.000468,0.054164
179,C,1.0,C,0.001514,0.175224
180,G,1.0,G,0.003178,0.367808
181,A,1.0,A,0.006624,0.766634
182,C,1.0,C,0.006707,0.77624
183,G,1.0,G,0.005715,0.66143
184,G,1.0,G,0.006003,0.694762
185,G,0.0,G,-0.000901,-0.104278
186,C,0.0,C,0.000513,0.059372
187,G,0.0,G,-0.002146,-0.248369
188,C,0.0,C,0.000651,0.075344
189,U,1.0,U,5e-06,0.000579
190,G,1.0,G,0.006216,0.719414
191,A,1.0,A,0.003844,0.444888
192,C,0.0,C,-0.000157,-0.018171
193,C,0.0,C,0.000634,0.073377
194,C,0.0,C,0.000648,0.074997
195,C,0.0,C,0.00066,0.076386
196,C,0.0,C,0.00077,0.089117
197,C,0.0,C,0.001761,0.203811
198,U,1.0,U,0.007552,0.874037
199,U,1.0,U,0.023264,2.692478
200,C,1.0,C,0.004385,0.507502
201,C,1.0,C,0.003783,0.437829
202,C,1.0,C,0.00424,0.49072
203,G,1.0,G,0.000139,0.016087
204,G,0.0,G,0.000577,0.06678
205,G,0.0,G,0.000371,0.042938
206,G,0.0,G,0.000676,0.078237
207,G,0.0,G,0.000161,0.018633
208,G,0.0,G,1.5e-05,0.001736
209,G,0.0,G,0.000513,0.059372
210,G,1.0,G,0.000569,0.065854
211,A,1.0,A,0.001165,0.134832
212,U,1.0,U,0.003419,0.395701
213,G,0.0,G,0.000261,0.030207
214,C,0.0,C,0.000405,0.046873
215,G,0.0,G,0.001966,0.227537
216,U,0.0,U,0.005389,0.6237
217,G,1.0,G,0.013064,1.511973
218,C,1.0,C,0.001732,0.200454
219,A,1.0,A,0.007987,0.924382
220,U,1.0,U,0.005456,0.631455
221,U,0.0,U,0.020948,2.424434
222,U,0.0,U,0.003516,0.406927
223,A,0.0,A,0.018259,2.11322
224,U,0.0,U,0.003141,0.363526
225,C,0.0,C,0.008303,0.960954
226,A,1.0,A,0.011135,1.288718
227,G,1.0,G,0.024382,2.821871
228,A,1.0,A,0.005778,0.668722
229,U,1.0,U,0.00403,0.466415
230,C,1.0,C,0.013025,1.507459
231,A,1.0,A,-0.000354,-0.04097
232,A,1.0,A,0.001614,0.186798
233,A,1.0,A,0.000138,0.015972
234,A,0.0,A,0.000701,0.081131
235,C,0.0,C,-0.000119,-0.013773
236,C,0.0,C,0.001812,0.209713
237,A,0.0,A,0.000413,0.047799
238,A,0.0,A,0.002827,0.327185
239,C,1.0,C,0.00033,0.038193
240,C,0.0,C,0.000729,0.084371
241,C,0.0,C,0.00176,0.203695
242,G,0.0,G,0.002097,0.242698
243,G,0.0,G,0.001036,0.119902
244,U,1.0,U,0.007301,0.844987
245,G,1.0,G,0.011384,1.317537
246,A,1.0,A,0.019342,2.238562
247,G,0.0,G,0.001313,0.151961
248,C,0.0,C,0.000254,0.029397
249,U,0.0,U,0.001961,0.226958
250,C,0.0,C,0.001863,0.215616
251,C,1.0,C,0.000557,0.064465
252,C,0.0,C,0.001526,0.176613
253,U,0.0,U,0.001555,0.179969
254,C,0.0,C,-0.000773,-0.089464
255,C,0.0,C,0.000318,0.036804
256,C,0.0,C,0.000976,0.112958
257,G,0.0,G,0.000456,0.052776
258,G,0.0,G,-0.00134,-0.155086
259,C,0.0,C,0.000421,0.048725
260,U,1.0,U,0.001087,0.125805
261,C,1.0,C,0.003045,0.352416
262,C,1.0,C,0.019307,2.234511
263,G,1.0,G,0.001594,0.184483
264,G,0.0,G,0.000706,0.081709
265,C,0.0,C,0.000132,0.015277
266,C,0.0,C,0.002324,0.26897
267,G,0.0,G,-0.000575,-0.066548
268,G,0.0,G,0.000434,0.050229
269,G,0.0,G,-0.001697,-0.196404
270,G,0.0,G,-0.004886,-0.565485
271,G,0.0,G,0.004559,0.52764
272,U,1.0,U,0.000652,0.07546
273,C,1.0,C,0.016814,1.945982
274,G,0.0,G,0.001169,0.135295
275,G,0.0,G,-0.000971,-0.112379
276,G,0.0,G,-0.006408,-0.741635
278,G,1.0,G,-0.009314,-1.077963
279,C,0.0,C,-0.004007,-0.463753
280,C,0.0,C,-0.003357,-0.388525
281,G,0.0,G,0.000548,0.063423
282,G,0.0,G,-0.002066,-0.23911
283,C,1.0,C,0.000427,0.049419
287,U,0.0,U,0.008344,0.9657
288,U,0.0,U,0.040432,4.67943
290,G,0.0,G,0.01832,2.12028
291,U,0.0,U,0.019668,2.276292
292,G,1.0,G,0.0073,0.844871
293,A,1.0,A,0.030735,3.55714
294,C,1.0,C,0.000696,0.080552
295,U,1.0,U,-0.00319,-0.369197
296,C,1.0,C,0.000461,0.053354
297,U,1.0,U,-0.000231,-0.026735
298,A,1.0,A,-0.000349,-0.040392
299,G,0.0,G,0.000689,0.079742
300,A,0.0,A,0.000979,0.113305
301,U,0.0,U,0.001905,0.220477
302,A,0.0,A,0.006238,0.72196
303,A,0.0,A,0.00488,0.564791
304,C,1.0,C,0.000325,0.037614
305,C,1.0,C,0.000866,0.100227
306,U,1.0,U,0.001645,0.190385
307,C,1.0,C,0.011508,1.331888
308,G,1.0,G,0.000517,0.059835
309,G,1.0,G,0.000515,0.059604
310,G,1.0,G,-0.001489,-0.172331
311,C,1.0,C,0.000953,0.110296
312,C,1.0,C,0.001527,0.176729
313,G,1.0,G,0.001427,0.165155
314,A,1.0,A,0.067805,7.847467
315,U,0.0,U,0.001158,0.134022
316,C,0.0,C,0.001288,0.149068
317,G,0.0,G,-2e-05,-0.002315
318,C,0.0,C,0.000429,0.049651
319,A,1.0,A,0.076405,8.842795
320,C,0.0,C,0.001024,0.118513
321,G,0.0,G,0.00013,0.015046
322,C,0.0,C,-0.000422,-0.048841
323,C,0.0,C,0.0005,0.057868
324,C,1.0,C,0.000561,0.064928
325,C,1.0,C,0.00088,0.101848
326,C,1.0,C,0.001014,0.117356
327,C,1.0,C,0.004448,0.514793
328,G,1.0,G,0.000373,0.043169
329,U,1.0,U,0.028935,3.348816
330,G,0.0,G,0.000943,0.109139
331,G,0.0,G,0.001524,0.176381
332,C,0.0,C,0.002592,0.299987
333,G,0.0,G,0.000526,0.060877
334,G,0.0,G,-0.000163,-0.018865
335,C,0.0,C,-6e-06,-0.000694
336,G,0.0,G,0.001276,0.147679
337,A,0.0,A,0.00101,0.116893
338,C,1.0,C,0.000208,0.024073
339,G,1.0,G,0.000957,0.110759
340,A,1.0,A,0.002555,0.295705
341,C,1.0,C,-0.000136,-0.01574
342,C,0.0,C,0.000592,0.068516
343,C,0.0,C,0.000819,0.094788
344,A,0.0,A,0.005455,0.631339
345,U,1.0,U,0.00932,1.078658
346,U,1.0,U,0.003017,0.349175
347,C,1.0,C,0.00354,0.409705
348,G,0.0,G,0.004651,0.538287
349,A,0.0,A,0.014495,1.677591
350,A,0.0,A,0.004524,0.523589
351,C,1.0,C,0.000454,0.052544
352,G,1.0,G,0.007926,0.917322
353,U,1.0,U,-0.000361,-0.041781
354,C,0.0,C,0.004476,0.518034
355,U,0.0,U,0.004628,0.535625
356,G,0.0,G,0.007086,0.820104
357,C,1.0,C,0.00247,0.285867
358,C,0.0,C,0.001913,0.221403
359,C,0.0,C,0.001543,0.17858
360,U,0.0,U,0.001768,0.204621
361,A,1.0,A,0.010966,1.269159
362,U,1.0,U,0.006006,0.695109
363,C,1.0,C,0.002017,0.233439
364,A,1.0,A,0.006486,0.750662
365,A,0.0,A,0.01285,1.487205
366,C,0.0,C,0.006356,0.735617
367,U,0.0,U,0.002469,0.285752
368,U,1.0,U,0.021554,2.49457
369,U,1.0,U,0.003796,0.439333
370,C,1.0,C,0.004323,0.500326
371,G,1.0,G,0.007277,0.84221
372,A,0.0,A,0.005898,0.68261
373,U,0.0,U,0.001719,0.19895
374,G,0.0,G,0.001474,0.170595
375,G,0.0,G,0.001396,0.161567
376,U,0.0,U,0.000267,0.030901
377,A,0.0,A,-0.000575,-0.066548
378,G,0.0,G,0.001163,0.134601
379,U,1.0,U,0.000192,0.022221
380,C,1.0,C,0.003884,0.449518
381,G,1.0,G,0.003251,0.376257
382,C,1.0,C,7.5e-05,0.00868
383,C,1.0,C,0.000888,0.102773
384,G,1.0,G,0.001109,0.128351
385,U,1.0,U,0.001521,0.176034
386,G,1.0,G,0.000253,0.029281
387,C,1.0,C,8.7e-05,0.010069
388,C,0.0,C,0.000978,0.11319
389,U,0.0,U,3.9e-05,0.004514
390,A,0.0,A,0.011373,1.316263
391,C,0.0,C,0.000745,0.086223
392,C,0.0,C,0.001565,0.181127
393,A,0.0,A,0.001952,0.225916
394,U,0.0,U,0.005437,0.629256
395,G,0.0,G,0.003919,0.453569
396,G,0.0,G,0.004356,0.504145
397,U,0.0,U,0.003986,0.461323
398,G,1.0,G,0.004329,0.50102
399,A,1.0,A,0.00863,0.9988
400,C,1.0,C,0.002028,0.234712
401,C,1.0,C,0.009163,1.060487
402,A,1.0,A,0.00778,0.900425
403,C,1.0,C,0.00735,0.850658
404,G,0.0,G,0.001403,0.162377
405,G,0.0,G,0.001218,0.140966
406,G,0.0,G,0.000419,0.048493
407,U,1.0,U,-0.000159,-0.018402
408,G,1.0,G,0.001042,0.120597
409,A,1.0,A,0.000383,0.044327
410,C,0.0,C,0.000954,0.110412
411,G,0.0,G,0.002735,0.316537
412,G,0.0,G,0.006005,0.694994
413,G,0.0,G,0.000135,0.015624
414,G,0.0,G,0.003751,0.434125
415,A,0.0,A,0.002521,0.29177
416,A,0.0,A,0.006465,0.748232
417,U,0.0,U,0.00406,0.469887
418,C,1.0,C,0.00266,0.307857
419,A,1.0,A,0.00772,0.89348
420,G,1.0,G,0.001824,0.211102
421,G,1.0,G,0.004634,0.53632
422,G,0.0,G,0.003798,0.439565
423,U,0.0,U,0.008313,0.962112
424,U,0.0,U,0.002541,0.294085
425,C,0.0,C,0.003636,0.420815
426,G,1.0,G,0.001174,0.135874
427,A,1.0,A,0.004744,0.549051
428,U,1.0,U,0.003059,0.354036
429,U,0.0,U,-0.000138,-0.015972
430,C,0.0,C,0.004328,0.500905
431,C,0.0,C,0.004361,0.504724
432,G,0.0,G,0.005363,0.620691
433,G,0.0,G,0.007127,0.824849
434,A,0.0,A,0.016052,1.857791
435,G,0.0,G,0.000239,0.027661
436,A,1.0,A,0.003902,0.451601
437,G,0.0,G,0.001825,0.211218
438,G,0.0,G,0.002104,0.243508
439,G,1.0,G,0.00057,0.065969
440,A,0.0,A,0.002121,0.245476
441,G,0.0,G,0.000677,0.078353
442,C,0.0,C,-0.000372,-0.043054
443,C,1.0,C,0.000864,0.099996
444,U,1.0,U,0.001144,0.132402
445,G,1.0,G,0.004464,0.516645
446,A,1.0,A,0.009859,1.141039
447,G,1.0,G,0.008879,1.027618
448,A,1.0,A,0.001828,0.211565
449,A,1.0,A,0.02389,2.764929
450,A,1.0,A,0.003412,0.394891
451,C,1.0,C,0.020638,2.388556
452,G,1.0,G,0.000896,0.103699
453,G,0.0,G,0.001091,0.126268
454,C,0.0,C,-5.9e-05,-0.006828
455,U,0.0,U,0.000351,0.040623
456,A,1.0,A,0.008788,1.017086
457,C,0.0,C,0.000383,0.044327
458,C,0.0,C,0.001209,0.139925
459,A,1.0,A,0.009357,1.08294
460,C,0.0,C,0.000854,0.098838
461,A,1.0,A,0.00556,0.643491
462,U,0.0,U,0.000296,0.034258
463,C,0.0,C,0.000684,0.079163
464,C,1.0,C,0.000935,0.108213
465,A,1.0,A,0.000349,0.040392
466,A,1.0,A,0.000206,0.023842
467,G,1.0,G,0.002871,0.332278
468,G,0.0,G,0.003936,0.455536
469,A,0.0,A,0.000654,0.075691
470,A,1.0,A,0.008663,1.002619
471,G,0.0,G,0.001456,0.168511
472,G,1.0,G,0.000325,0.037614
473,C,1.0,C,0.005432,0.628677
474,A,1.0,A,0.00344,0.398131
475,G,0.0,G,0.000739,0.085529
476,C,0.0,C,0.001685,0.195015
477,A,0.0,A,0.002223,0.257281
478,G,0.0,G,0.002295,0.265614
479,G,0.0,G,0.000702,0.081247
480,C,0.0,C,0.003457,0.400099
481,G,1.0,G,-0.000102,-0.011805
482,C,0.0,C,0.000463,0.053586
483,G,1.0,G,0.00102,0.118051
484,C,1.0,C,0.002356,0.272674
485,A,1.0,A,0.002558,0.296052
486,A,1.0,A,0.013087,1.514635
487,A,1.0,A,0.007333,0.848691
488,U,0.0,U,0.007525,0.870912
489,U,1.0,U,0.004768,0.551828
490,A,0.0,A,0.009145,1.058404
491,C,0.0,C,0.001144,0.132402
492,C,0.0,C,0.001864,0.215732
493,C,1.0,C,0.001408,0.162956
494,A,1.0,A,0.014065,1.627824
495,C,1.0,C,0.001915,0.221634
496,U,0.0,U,0.002811,0.325333
497,C,0.0,C,-0.000122,-0.01412
498,C,0.0,C,0.001235,0.142934
499,C,0.0,C,0.001049,0.121407
500,G,0.0,G,0.003635,0.4207
501,A,1.0,A,0.028524,3.301248
502,C,1.0,C,0.002139,0.247559
503,C,1.0,C,0.003601,0.416765
504,C,0.0,C,0.01023,1.183977
505,G,0.0,G,0.003025,0.350101
506,G,0.0,G,0.001231,0.142471
507,G,0.0,G,0.00023,0.026619
508,G,0.0,G,0.000585,0.067705
509,A,1.0,A,0.001204,0.139346
510,G,0.0,G,0.000716,0.082867
511,G,0.0,G,0.003958,0.458082
512,U,0.0,U,0.004632,0.536088
513,A,0.0,A,7.4e-05,0.008564
514,G,1.0,G,0.002458,0.284479
515,U,0.0,U,0.004913,0.56861
516,G,1.0,G,0.001277,0.147795
517,A,1.0,A,0.001586,0.183557
518,C,1.0,C,0.001189,0.13761
519,G,0.0,G,0.018242,2.111253
520,A,0.0,A,0.002131,0.246633
521,A,1.0,A,0.014071,1.628519
522,A,0.0,A,0.000196,0.022684
523,A,1.0,A,0.000167,0.019328
524,A,1.0,A,0.010828,1.253187
525,U,1.0,U,0.019183,2.22016
526,A,1.0,A,0.004078,0.471971
527,A,1.0,A,0.005179,0.599396
528,C,0.0,C,0.001554,0.179853
529,A,0.0,A,0.000631,0.073029
530,A,0.0,A,0.001783,0.206357
531,U,0.0,U,0.001137,0.131592
532,A,0.0,A,4.1e-05,0.004745
533,C,0.0,C,0.000114,0.013194
534,A,0.0,A,0.000138,0.015972
535,G,0.0,G,0.000357,0.041318
536,G,0.0,G,0.001138,0.131707
537,A,1.0,A,0.00045,0.052081
538,C,0.0,C,0.000123,0.014236
539,U,0.0,U,0.002238,0.259017
540,C,0.0,C,0.004028,0.466184
541,U,1.0,U,0.006942,0.803438
542,U,1.0,U,0.034714,4.017653
543,U,1.0,U,0.004808,0.556458
544,C,1.0,C,0.020288,2.348048
545,G,0.0,G,0.001359,0.157285
546,A,0.0,A,0.002787,0.322556
547,G,0.0,G,0.000608,0.070367
548,G,1.0,G,0.003261,0.377414
549,C,1.0,C,0.002627,0.304038
550,C,0.0,C,-0.000156,-0.018055
551,C,0.0,C,0.000406,0.046989
552,U,0.0,U,-0.000129,-0.01493
553,G,0.0,G,-0.000282,-0.032637
554,U,0.0,U,0.01239,1.433967
555,A,0.0,A,0.003594,0.415955
556,A,1.0,A,0.022755,2.633568
557,U,0.0,U,0.000239,0.027661
558,U,0.0,U,0.000549,0.063539
559,G,0.0,G,0.000709,0.082057
560,G,1.0,G,0.005209,0.602868
561,A,1.0,A,0.006607,0.764667
562,A,1.0,A,0.007221,0.835728
563,U,1.0,U,0.00666,0.770801
564,G,1.0,G,0.002012,0.23286
565,A,1.0,A,0.009388,1.086528
566,G,0.0,G,0.002764,0.319894
567,U,0.0,U,0.003022,0.349754
568,C,1.0,C,0.006898,0.798346
569,C,1.0,C,0.001453,0.168164
570,A,0.0,A,0.003411,0.394775
571,C,1.0,C,0.000147,0.017013
572,U,1.0,U,0.000883,0.102195
573,U,1.0,U,0.001736,0.200917
574,U,1.0,U,0.008719,1.009101
575,A,1.0,A,0.00271,0.313644
576,A,1.0,A,0.008539,0.988268
577,A,1.0,A,-0.00066,-0.076386
578,U,1.0,U,0.00361,0.417806
579,C,1.0,C,0.00081,0.093746
580,C,1.0,C,0.004004,0.463406
581,U,1.0,U,0.001791,0.207283
582,U,0.0,U,0.006384,0.738857
583,U,1.0,U,0.003774,0.436787
584,A,1.0,A,0.015157,1.754208
585,A,0.0,A,0.005592,0.647195
586,C,0.0,C,0.006727,0.778555
587,G,1.0,G,0.003293,0.381118
588,A,1.0,A,0.003424,0.396279
589,G,1.0,G,0.001,0.115736
590,G,1.0,G,0.001828,0.211565
591,A,1.0,A,0.000623,0.072103
592,U,1.0,U,0.001336,0.154623
593,C,1.0,C,0.002685,0.310751
594,C,1.0,C,0.001238,0.143281
595,A,1.0,A,0.008822,1.021021
596,U,0.0,U,0.00254,0.293969
597,U,0.0,U,0.003236,0.374521
598,G,0.0,G,0.004491,0.51977
599,G,0.0,G,0.009417,1.089884
600,A,0.0,A,0.026883,3.111326
601,G,0.0,G,0.004339,0.502178
602,G,0.0,G,0.001433,0.165849
603,G,0.0,G,0.001367,0.158211
604,C,0.0,C,0.001804,0.208787
605,A,1.0,A,0.00729,0.843714
606,A,1.0,A,0.002721,0.314917
607,G,1.0,G,0.005377,0.622311
608,U,1.0,U,0.002211,0.255892
609,C,0.0,C,0.003813,0.441301
610,U,0.0,U,0.000961,0.111222
611,G,0.0,G,0.004432,0.512941
612,G,0.0,G,0.004604,0.532848
613,U,1.0,U,0.003471,0.401719
614,G,1.0,G,0.0028,0.32406
615,C,1.0,C,0.00178,0.20601
616,C,1.0,C,0.001044,0.120828
617,A,1.0,A,0.007377,0.853783
618,G,0.0,G,0.004397,0.50889
619,C,0.0,C,0.001332,0.15416
620,A,1.0,A,0.002029,0.234828
621,G,0.0,G,0.004352,0.503682
622,C,0.0,C,0.001521,0.176034
623,C,0.0,C,0.004827,0.558657
624,G,0.0,G,0.001352,0.156475
625,C,0.0,C,0.001552,0.179622
626,G,1.0,G,0.00122,0.141198
627,G,1.0,G,0.0014,0.16203
628,U,1.0,U,0.00079,0.091431
629,A,1.0,A,0.001396,0.161567
630,A,1.0,A,0.002456,0.284247
631,U,1.0,U,0.007001,0.810266
632,U,1.0,U,-0.00083,-0.096061
633,C,0.0,C,0.00223,0.258091
634,C,0.0,C,0.001228,0.142124
635,A,0.0,A,0.003521,0.407506
636,G,0.0,G,0.001898,0.219667
637,C,0.0,C,0.000749,0.086686
638,U,0.0,U,0.002492,0.288414
639,C,0.0,C,0.003671,0.424866
640,C,0.0,C,0.002947,0.341073
641,A,0.0,A,0.006318,0.731219
642,A,0.0,A,0.004889,0.565832
643,U,1.0,U,0.013772,1.593914
644,A,0.0,A,0.008004,0.926349
645,G,0.0,G,9.8e-05,0.011342
646,C,0.0,C,0.006371,0.737353
647,G,0.0,G,0.006672,0.772189
648,U,0.0,U,0.017812,2.061486
649,A,0.0,A,0.019406,2.245969
650,U,0.0,U,9.5e-05,0.010995
651,A,1.0,A,0.002519,0.291539
652,U,0.0,U,0.007605,0.880171
653,U,0.0,U,0.00881,1.019633
654,A,1.0,A,0.008505,0.984333
655,A,1.0,A,0.012167,1.408158
656,A,1.0,A,0.005376,0.622196
657,G,1.0,G,0.006767,0.783184
658,U,1.0,U,0.004008,0.463869
659,U,1.0,U,0.006349,0.734807
660,G,1.0,G,-4.8e-05,-0.005555
661,C,1.0,C,0.00151,0.174761
662,U,1.0,U,7.1e-05,0.008217
663,G,1.0,G,0.000817,0.094556
664,C,0.0,C,0.001329,0.153813
665,A,1.0,A,0.002823,0.326722
666,G,0.0,G,0.006904,0.79904
667,U,0.0,U,0.005343,0.618376
668,U,0.0,U,0.011569,1.338948
669,A,1.0,A,0.003522,0.407622
670,A,1.0,A,0.01783,2.06357
671,A,1.0,A,0.003783,0.437829
672,A,1.0,A,0.000779,0.090158
673,A,1.0,A,0.008176,0.946256
674,G,0.0,G,0.000395,0.045716
675,C,1.0,C,0.000305,0.035299
676,U,0.0,U,0.00179,0.207167
677,C,0.0,C,0.002628,0.304154
678,G,1.0,G,0.010369,1.200065
679,U,1.0,U,0.004231,0.489678
680,A,1.0,A,0.009431,1.091504
681,G,0.0,G,0.009247,1.070209
682,U,0.0,U,0.002143,0.248022
683,U,0.0,U,0.003566,0.412714
684,G,1.0,G,0.000551,0.06377
685,G,1.0,G,0.002069,0.239457
686,A,1.0,A,0.007191,0.832256
687,U,1.0,U,-0.001232,-0.142587
688,C,1.0,C,0.002062,0.238647
689,U,1.0,U,0.000566,0.065506
690,U,1.0,U,0.005767,0.667448
691,G,0.0,G,0.000815,0.094325
692,G,0.0,G,-0.000284,-0.032869
693,G,0.0,G,0.000855,0.098954
694,A,1.0,A,0.037949,4.392058
695,G,0.0,G,0.000593,0.068631
696,C,0.0,C,0.000194,0.022453
697,G,0.0,G,0.000938,0.10856
698,G,0.0,G,0.000446,0.051618
699,G,0.0,G,0.002538,0.293737
700,C,0.0,C,-0.000513,-0.059372
701,G,0.0,G,0.000921,0.106593
702,G,0.0,G,0.000459,0.053123
703,G,0.0,G,0.000265,0.03067
704,C,0.0,C,0.000335,0.038771
705,G,0.0,G,0.000651,0.075344
706,G,0.0,G,0.000304,0.035184
707,U,0.0,U,0.000816,0.09444
708,C,1.0,C,0.001146,0.132633
709,C,0.0,C,0.000568,0.065738
710,G,0.0,G,0.000169,0.019559
711,C,0.0,C,0.000353,0.040855
712,C,0.0,C,0.000282,0.032637
713,G,1.0,G,0.001013,0.11724
714,C,1.0,C,0.00205,0.237258
715,G,1.0,G,0.002012,0.23286
716,A,1.0,A,0.005279,0.610969
717,G,0.0,G,0.000322,0.037267
718,G,0.0,G,0.000225,0.026041
719,C,0.0,C,-6e-05,-0.006944
720,G,0.0,G,0.00036,0.041665
721,A,1.0,A,0.015819,1.830825
722,G,1.0,G,0.001578,0.182631
723,U,1.0,U,0.00162,0.187492
724,C,1.0,C,0.00765,0.885379
725,A,0.0,A,0.000824,0.095366
726,C,0.0,C,0.000338,0.039119
727,C,0.0,C,0.000208,0.024073
728,G,0.0,G,-0.001954,-0.226148
729,C,0.0,C,-0.001958,-0.226611
730,C,0.0,C,-0.001264,-0.14629
731,C,0.0,C,0.000765,0.088538
732,G,0.0,G,0.000256,0.029628
733,U,1.0,U,0.00429,0.496507
734,C,1.0,C,0.003999,0.462828
735,C,0.0,C,0.00062,0.071756
736,C,0.0,C,0.001434,0.165965
737,C,0.0,C,0.001269,0.146869
738,G,0.0,G,0.000556,0.064349
739,C,0.0,C,-0.000377,-0.043632
740,C,0.0,C,0.003058,0.35392
741,C,0.0,C,0.000749,0.086686
743,U,1.0,U,0.000305,0.035299
744,U,1.0,U,0.004375,0.506344
745,G,1.0,G,0.001339,0.15497
746,C,1.0,C,0.000372,0.043054
747,C,1.0,C,0.000784,0.090737
748,U,1.0,U,0.003743,0.433199
749,C,1.0,C,0.000416,0.048146
750,U,0.0,U,0.001091,0.126268
751,C,0.0,C,0.000677,0.078353
752,G,0.0,G,0.000286,0.0331
753,G,0.0,G,-0.000184,-0.021295
754,C,1.0,C,0.015739,1.821566
755,G,0.0,G,0.002544,0.294432
756,C,0.0,C,0.000574,0.066432
757,C,0.0,C,0.004487,0.519307
758,C,0.0,C,0.001174,0.135874
759,C,0.0,C,0.000312,0.03611
760,C,1.0,C,0.000427,0.049419
761,U,1.0,U,0.000358,0.041433
762,C,1.0,C,0.000807,0.093399
763,G,0.0,G,0.000863,0.09988
764,A,0.0,A,0.002251,0.260521
765,U,0.0,U,0.002135,0.247096
766,G,0.0,G,0.001687,0.195246
767,C,0.0,C,0.00026,0.030091
768,U,0.0,U,-8.6e-05,-0.009953
769,C,0.0,C,0.001539,0.178117
770,U,1.0,U,0.004777,0.55287
771,U,1.0,U,0.002811,0.325333
772,A,1.0,A,0.010075,1.166038
773,G,1.0,G,0.002975,0.344314
774,C,1.0,C,0.019619,2.270621
775,U,1.0,U,0.002042,0.236333
776,G,0.0,G,0.001208,0.139809
777,A,0.0,A,0.000397,0.045947
778,G,0.0,G,-3.6e-05,-0.004166
779,U,0.0,U,0.000202,0.023379
780,G,0.0,G,0.000154,0.017823
781,U,0.0,U,-0.000594,-0.068747
782,C,0.0,C,0.000816,0.09444
783,C,1.0,C,0.000891,0.103121
784,C,1.0,C,0.000662,0.076617
785,G,1.0,G,0.003418,0.395585
786,C,1.0,C,0.024078,2.786687
787,G,0.0,G,0.000316,0.036573
788,G,0.0,G,0.000639,0.073955
789,G,0.0,G,0.000212,0.024536
790,G,0.0,G,-0.004873,-0.563981
791,C,0.0,C,1.3e-05,0.001505
792,C,0.0,C,0.000352,0.040739
793,C,0.0,C,0.000909,0.105204
794,G,0.0,G,0.000622,0.071988
795,A,0.0,A,0.001118,0.129393
796,A,1.0,A,0.003042,0.352068
797,G,1.0,G,0.001445,0.167238
798,C,1.0,C,0.000354,0.04097
799,G,1.0,G,0.000978,0.11319
800,U,1.0,U,0.007199,0.833182
801,U,1.0,U,0.006018,0.696498
802,U,1.0,U,0.000197,0.0228
803,A,1.0,A,0.006092,0.705063
804,C,1.0,C,0.003089,0.357508
805,U,1.0,U,0.005195,0.601248
806,U,1.0,U,0.002224,0.257396
807,U,1.0,U,0.00149,0.172446
809,A,1.0,A,0.004365,0.505187
810,A,1.0,A,0.013338,1.543684
811,A,1.0,A,0.000982,0.113653
812,A,1.0,A,0.000134,0.015509
813,A,1.0,A,3e-05,0.003472
814,A,1.0,A,0.007757,0.897763
815,U,1.0,U,0.000556,0.064349
816,U,1.0,U,0.000934,0.108097
817,A,1.0,A,0.008682,1.004818
818,G,1.0,G,0.01767,2.045052
819,A,1.0,A,0.001419,0.164229
820,G,1.0,G,0.01057,1.223328
821,U,1.0,U,0.020906,2.419573
822,G,1.0,G,0.008539,0.988268
823,U,1.0,U,0.000989,0.114463
824,U,1.0,U,0.002132,0.246749
825,C,1.0,C,0.00552,0.638862
826,A,1.0,A,0.003654,0.422899
827,A,1.0,A,0.008587,0.993823
828,A,1.0,A,0.001942,0.224759
829,G,1.0,G,0.002971,0.343851
830,C,1.0,C,0.004095,0.473938
831,A,1.0,A,0.005772,0.668027
832,G,1.0,G,0.004217,0.488058
833,G,1.0,G,0.002861,0.33112
834,C,1.0,C,-0.000306,-0.035415
835,C,1.0,C,0.002087,0.241541
836,C,1.0,C,0.002077,0.240383
837,G,1.0,G,0.001515,0.17534
838,A,1.0,A,0.015075,1.744717
839,G,1.0,G,0.004866,0.56317
840,C,1.0,C,0.00089,0.103005
841,C,1.0,C,0.003488,0.403687
842,G,1.0,G,0.005239,0.60634
843,C,1.0,C,0.000507,0.058678
844,C,1.0,C,0.001605,0.185756
845,U,1.0,U,0.001369,0.158442
846,G,1.0,G,0.002679,0.310056
847,G,1.0,G,0.000558,0.064581
848,A,1.0,A,0.007515,0.869755
849,U,1.0,U,0.012925,1.495885
850,A,1.0,A,0.004537,0.525093
851,C,1.0,C,0.00122,0.141198
852,C,1.0,C,0.004498,0.52058
853,G,1.0,G,0.010328,1.195319
854,C,1.0,C,0.001027,0.118861
855,A,1.0,A,0.005819,0.673467
856,G,1.0,G,0.00155,0.179391
857,C,1.0,C,0.00113,0.130781
858,U,1.0,U,0.002423,0.280428
859,A,1.0,A,0.007637,0.883874
860,G,1.0,G,0.001814,0.209945
861,G,1.0,G,0.003582,0.414566
862,A,1.0,A,0.001616,0.187029
863,A,1.0,A,0.002951,0.341536
864,U,1.0,U,0.007211,0.834571
865,A,1.0,A,0.001388,0.160641
866,A,1.0,A,0.007784,0.900888
867,U,1.0,U,0.000885,0.102426
868,G,1.0,G,0.001254,0.145133
869,G,1.0,G,0.007411,0.857718
870,A,1.0,A,0.004054,0.469193
871,A,1.0,A,0.006725,0.778323
872,U,1.0,U,0.011821,1.368113
873,A,1.0,A,0.017822,2.062644
874,G,1.0,G,0.009792,1.133285
875,G,1.0,G,0.00306,0.354152
876,A,1.0,A,0.031114,3.601004
877,C,1.0,C,3.6e-05,0.004166
878,C,1.0,C,0.000678,0.078469
879,G,1.0,G,0.001799,0.208209
880,C,1.0,C,0.002561,0.296399
881,G,1.0,G,0.000595,0.068863
882,G,1.0,G,0.002099,0.242929
883,U,1.0,U,0.001266,0.146522
884,U,1.0,U,0.000619,0.07164
885,C,1.0,C,0.001413,0.163535
886,U,1.0,U,0.000213,0.024652
887,A,1.0,A,0.009956,1.152266
888,U,1.0,U,0.000416,0.048146
889,U,1.0,U,0.004429,0.512594
890,U,1.0,U,0.000254,0.029397
891,U,1.0,U,0.001593,0.184367
892,G,1.0,G,0.00342,0.395816
893,U,1.0,U,0.000176,0.02037
894,U,1.0,U,0.001215,0.140619
895,G,1.0,G,0.00212,0.24536
896,G,1.0,G,0.003144,0.363873
897,U,1.0,U,0.003093,0.357971
898,U,1.0,U,0.00116,0.134254
899,U,1.0,U,-3.8e-05,-0.004398
900,U,1.0,U,0.000801,0.092704
901,C,1.0,C,0.00114,0.131939
902,G,1.0,G,0.001816,0.210176
903,G,1.0,G,0.001917,0.221866
904,A,1.0,A,0.000922,0.106708
905,A,1.0,A,0.001004,0.116199
906,C,1.0,C,0.000425,0.049188
907,U,1.0,U,0.001036,0.119902
908,G,1.0,G,0.001389,0.160757
909,A,1.0,A,0.005184,0.599974
910,G,1.0,G,0.002685,0.310751
911,G,1.0,G,0.00016,0.018518
912,C,1.0,C,0.000857,0.099186
913,C,1.0,C,0.001271,0.1471
914,A,1.0,A,0.005664,0.655528
915,U,1.0,U,0.00435,0.503451
916,G,1.0,G,0.009295,1.075764
917,A,1.0,A,0.007243,0.838275
918,U,1.0,U,0.004609,0.533426
919,U,1.0,U,0.001781,0.206125
920,A,1.0,A,0.007888,0.912924
921,A,1.0,A,0.006498,0.752051
922,G,1.0,G,0.014558,1.684882
923,A,1.0,A,0.015146,1.752935
924,G,0.0,G,0.002017,0.233439
925,G,0.0,G,0.003212,0.371743
926,G,0.0,G,0.001304,0.15092
927,A,0.0,A,0.010462,1.210828
928,C,0.0,C,0.002617,0.302881
929,G,0.0,G,0.003137,0.363063
930,G,1.0,G,0.002374,0.274757
931,C,1.0,C,6.5e-05,0.007523
932,C,0.0,C,0.002651,0.306816
933,G,1.0,G,0.001983,0.229504
934,G,1.0,G,0.000969,0.112148
935,G,1.0,G,0.000259,0.029976
936,G,0.0,G,0.000705,0.081594
937,G,0.0,G,0.001086,0.125689
938,C,0.0,C,0.002824,0.326838
939,A,0.0,A,0.007771,0.899383
940,U,1.0,U,0.004675,0.541065
941,U,1.0,U,0.002267,0.262373
942,C,0.0,C,0.001039,0.12025
943,G,0.0,G,6.9e-05,0.007986
944,U,1.0,U,0.000677,0.078353
945,A,1.0,A,0.001803,0.208672
946,U,0.0,U,0.000291,0.033679
947,U,0.0,U,0.000149,0.017245
948,G,0.0,G,0.000143,0.01655
949,C,0.0,C,0.000208,0.024073
950,G,0.0,G,0.000258,0.02986
951,C,0.0,C,0.000318,0.036804
952,C,0.0,C,0.000735,0.085066
953,G,0.0,G,0.001465,0.169553
954,C,1.0,C,0.001011,0.117009
955,U,1.0,U,0.000944,0.109255
956,A,1.0,A,0.002979,0.344777
957,G,0.0,G,0.001772,0.205084
958,A,0.0,A,6.8e-05,0.00787
959,G,0.0,G,0.000221,0.025578
960,G,1.0,G,0.000744,0.086107
961,U,1.0,U,0.010152,1.17495
962,G,1.0,G,0.007167,0.829479
963,A,1.0,A,0.001242,0.143744
964,A,1.0,A,0.010066,1.164997
965,A,1.0,A,0.006759,0.782258
966,U,0.0,U,0.002752,0.318505
967,U,0.0,U,-0.000141,-0.016319
968,C,0.0,C,0.00121,0.14004
969,U,1.0,U,0.000799,0.092473
970,U,1.0,U,0.007255,0.839663
971,G,1.0,G,0.005323,0.616062
972,G,1.0,G,0.00285,0.329847
973,A,1.0,A,0.017357,2.008827
974,C,1.0,C,0.006255,0.723928
975,C,0.0,C,0.004281,0.495465
976,G,0.0,G,0.000102,0.011805
977,G,0.0,G,0.000229,0.026504
978,C,0.0,C,-0.00105,-0.121523
979,G,0.0,G,-0.000925,-0.107056
980,C,0.0,C,0.000168,0.019444
981,A,0.0,A,6.1e-05,0.00706
982,A,0.0,A,0.000293,0.033911
983,G,1.0,G,-0.00115,-0.133096
984,A,1.0,A,0.000315,0.036457
985,C,0.0,C,0.000393,0.045484
986,G,0.0,G,0.001692,0.195825
987,G,1.0,G,-0.000526,-0.060877
988,A,1.0,A,0.002641,0.305658
989,C,1.0,C,0.001253,0.145017
990,C,1.0,C,0.003602,0.41688
991,A,1.0,A,0.010374,1.200643
992,G,1.0,G,0.018997,2.198633
993,A,1.0,A,0.002386,0.276146
994,G,0.0,G,0.006565,0.759806
995,C,0.0,C,0.014156,1.638356
996,G,1.0,G,0.001668,0.193047
997,A,1.0,A,0.000313,0.036225
998,A,1.0,A,0.000958,0.110875
999,A,1.0,A,0.000154,0.017823
1000,G,0.0,G,-0.00024,-0.027777
1001,C,0.0,C,0.000123,0.014236
1002,A,1.0,A,0.001537,0.177886
1003,U,1.0,U,0.001734,0.200686
1004,U,1.0,U,0.000223,0.025809
1005,U,0.0,U,0.000706,0.081709
1006,G,0.0,G,0.002797,0.323713
1007,C,0.0,C,0.005434,0.628908
1008,C,0.0,C,0.003733,0.432042
1009,A,1.0,A,0.005445,0.630182
1010,A,1.0,A,0.009915,1.147521
1011,G,0.0,G,0.004844,0.560624
1012,A,1.0,A,0.000281,0.032522
1013,A,1.0,A,0.000871,0.100806
1014,U,0.0,U,0.000994,0.115041
1015,G,0.0,G,0.002368,0.274062
1016,U,1.0,U,0.001419,0.164229
1017,U,0.0,U,0.000729,0.084371
1018,U,0.0,U,0.000654,0.075691
1019,U,0.0,U,0.00075,0.086802
1020,C,0.0,C,0.002628,0.304154
1021,A,1.0,A,0.001888,0.218509
1022,U,1.0,U,0.001366,0.158095
1023,U,1.0,U,0.004242,0.490951
1024,A,0.0,A,0.003756,0.434704
1025,A,0.0,A,0.01482,1.715205
1026,U,0.0,U,0.004734,0.547893
1027,C,1.0,C,0.008606,0.996022
1028,A,1.0,A,0.010257,1.187102
1029,A,1.0,A,0.018417,2.131506
1030,G,0.0,G,0.014535,1.68222
1031,A,0.0,A,0.004176,0.483313
1032,A,1.0,A,0.000825,0.095482
1033,C,0.0,C,0.00992,1.148099
1034,G,1.0,G,0.015977,1.849111
1035,A,1.0,A,0.018095,2.09424
1036,A,1.0,A,0.022815,2.640513
1037,A,1.0,A,0.005238,0.606224
1038,G,0.0,G,0.003285,0.380192
1039,U,0.0,U,0.00147,0.170132
1040,C,0.0,C,0.006095,0.70541
1041,G,0.0,G,0.000783,0.090621
1042,G,0.0,G,0.003661,0.423709
1043,A,0.0,A,0.009346,1.081667
1044,G,1.0,G,0.003664,0.424056
1045,G,1.0,G,0.005734,0.663629
1046,U,1.0,U,0.000552,0.063886
1047,U,1.0,U,0.000126,0.014583
1048,C,0.0,C,0.002445,0.282974
1049,G,1.0,G,0.000715,0.082751
1050,A,1.0,A,0.005105,0.590831
1051,A,1.0,A,0.005612,0.649509
1052,G,0.0,G,0.007394,0.855751
1053,A,0.0,A,0.004989,0.577406
1054,C,0.0,C,0.002712,0.313876
1055,G,0.0,G,0.002244,0.259711
1056,A,1.0,A,0.001419,0.164229
1057,U,1.0,U,0.000158,0.018286
1058,C,1.0,C,0.004755,0.550324
1059,A,1.0,A,0.009366,1.083982
1060,G,1.0,G,0.020091,2.325248
1061,A,1.0,A,0.007278,0.842325
1062,U,1.0,U,0.026144,3.025797
1063,A,1.0,A,0.012527,1.449823
1064,C,1.0,C,0.004522,0.523357
1065,C,0.0,C,0.001629,0.188534
1066,G,0.0,G,0.000772,0.089348
1067,U,0.0,U,0.001549,0.179275
1068,C,0.0,C,0.001191,0.137841
1069,G,1.0,G,0.002868,0.33193
1070,U,1.0,U,0.002352,0.272211
1071,A,1.0,A,0.004025,0.465837
1072,G,0.0,G,0.004843,0.560509
1073,U,1.0,U,0.002741,0.317232
1074,U,0.0,U,0.000196,0.022684
1075,C,0.0,C,0.002164,0.250452
1076,C,0.0,C,0.001143,0.132286
1077,G,0.0,G,0.001814,0.209945
1078,A,0.0,A,0.00942,1.090231
1079,C,0.0,C,0.000515,0.059604
1080,C,1.0,C,0.003132,0.362485
1081,A,1.0,A,0.010728,1.241614
1082,U,1.0,U,0.008466,0.979819
1083,A,1.0,A,0.00516,0.597197
1084,A,1.0,A,0.018183,2.104424
1085,A,1.0,A,0.006203,0.717909
1086,C,1.0,C,0.005292,0.612474
1087,G,1.0,G,0.003392,0.392576
1088,A,1.0,A,0.006618,0.76594
1089,U,1.0,U,0.009082,1.051113
1090,G,0.0,G,0.018261,2.113452
1091,C,0.0,C,0.002787,0.322556
1092,C,0.0,C,0.001658,0.19189
1093,G,0.0,G,0.002074,0.240036
1094,A,0.0,A,0.008043,0.930863
1095,C,0.0,C,0.001387,0.160526
1096,U,1.0,U,0.001228,0.142124
1097,G,0.0,G,0.00318,0.36804
1098,G,0.0,G,0.000243,0.028124
1099,C,0.0,C,0.001264,0.14629
1100,G,1.0,G,0.000872,0.100922
1101,A,1.0,A,0.005518,0.63863
1102,U,0.0,U,0.008711,1.008175
1103,G,1.0,G,0.005262,0.609002
1104,C,0.0,C,0.012908,1.493918
1105,G,0.0,G,0.001433,0.165849
1106,G,0.0,G,0.000412,0.047683
1107,C,0.0,C,-9.9e-05,-0.011458
1108,G,0.0,G,0.000761,0.088075
1109,G,0.0,G,-0.000509,-0.05891
1110,C,1.0,C,0.012907,1.493802
1111,G,0.0,G,-0.000248,-0.028702
1112,U,0.0,U,0.002544,0.294432
1113,U,0.0,U,-0.000446,-0.051618
1114,A,0.0,A,0.007133,0.825544
1115,U,0.0,U,0.005183,0.599859
1116,U,1.0,U,0.010593,1.225989
1117,C,1.0,C,0.003283,0.379961
1118,C,1.0,C,0.003754,0.434472
1119,C,1.0,C,0.004458,0.51595
1120,A,0.0,A,0.003778,0.43725
1121,U,0.0,U,0.004205,0.486669
1122,G,0.0,G,0.002193,0.253809
1123,A,0.0,A,0.005096,0.58979
1124,C,0.0,C,-0.00025,-0.028934
1125,C,0.0,C,0.000617,0.071409
1126,C,0.0,C,0.001986,0.229851
1127,G,0.0,G,0.005565,0.64407
1128,C,0.0,C,-0.001568,-0.181474
1129,C,0.0,C,-0.000273,-0.031596
1130,G,0.0,G,0.000489,0.056595
1131,G,1.0,G,0.002363,0.273484
1132,G,0.0,G,0.000249,0.028818
1133,C,1.0,C,0.0004,0.046294
1134,A,1.0,A,0.002712,0.313876
1135,G,0.0,G,0.001747,0.20219
1136,C,0.0,C,0.001387,0.160526
1137,U,0.0,U,0.010387,1.202148
1138,U,1.0,U,0.001258,0.145596
1139,C,1.0,C,0.001064,0.123143
1140,C,1.0,C,0.000716,0.082867
1141,G,0.0,G,0.001816,0.210176
1142,G,0.0,G,0.003232,0.374058
1143,G,1.0,G,0.00501,0.579836
1144,A,1.0,A,0.003363,0.38922
1145,A,0.0,A,0.006854,0.793253
1146,A,0.0,A,0.011018,1.275177
1147,C,0.0,C,0.000479,0.055437
1148,C,0.0,C,0.009408,1.088843
1149,A,1.0,A,-0.000124,-0.014351
1150,A,1.0,A,0.003501,0.405191
1151,A,1.0,A,0.004039,0.467457
1152,G,0.0,G,0.024722,2.861221
1153,U,0.0,U,0.001517,0.175571
1154,C,0.0,C,0.027026,3.127876
1155,U,1.0,U,0.005718,0.661777
1156,U,1.0,U,0.00059,0.068284
1157,U,1.0,U,0.005053,0.584813
1158,G,1.0,G,0.000796,0.092126
1159,G,0.0,G,0.001437,0.166312
1160,G,0.0,G,0.002943,0.340611
1161,U,0.0,U,0.006241,0.722307
1162,U,1.0,U,0.002391,0.276724
1163,C,0.0,C,0.001288,0.149068
1164,C,1.0,C,0.00241,0.278923
1165,G,0.0,G,-0.000495,-0.057289
1166,G,1.0,G,0.002622,0.303459
1167,G,1.0,G,0.00025,0.028934
1168,G,0.0,G,0.000852,0.098607
1169,G,0.0,G,0.00056,0.064812
1170,G,0.0,G,0.000645,0.07465
1171,A,1.0,A,0.005474,0.633538
1172,G,1.0,G,0.003095,0.358202
1173,U,1.0,U,0.010013,1.158863
1174,A,1.0,A,0.019855,2.297935
1175,U,1.0,U,0.001722,0.199297
1176,G,0.0,G,0.002505,0.289918
1177,G,0.0,G,0.002368,0.274062
1178,U,0.0,U,0.001668,0.193047
1179,U,0.0,U,0.004722,0.546505
1180,G,1.0,G,0.002105,0.243624
1181,C,1.0,C,0.005611,0.649394
1182,A,1.0,A,0.00229,0.265035
1183,A,1.0,A,0.009455,1.094282
1184,A,0.0,A,0.005817,0.673235
1185,G,0.0,G,0.001343,0.155433
1186,C,0.0,C,0.001335,0.154507
1187,U,0.0,U,0.001793,0.207514
1188,G,1.0,G,0.014838,1.717288
1189,A,1.0,A,0.009423,1.090579
1190,A,1.0,A,0.017282,2.000146
1191,A,1.0,A,0.008477,0.981092
1192,C,0.0,C,0.002635,0.304964
1193,U,0.0,U,0.002069,0.239457
1194,U,0.0,U,0.018888,2.186018
1195,A,1.0,A,0.007326,0.847881
1196,A,1.0,A,0.010763,1.245665
1197,A,1.0,A,0.002516,0.291191
1198,G,0.0,G,0.002424,0.280544
1199,G,0.0,G,0.005674,0.656685
1200,A,0.0,A,0.00234,0.270822
1201,A,1.0,A,0.007998,0.925655
1202,U,1.0,U,0.00458,0.53007
1203,U,0.0,U,0.008,0.925887
1204,G,0.0,G,0.001337,0.154739
1205,A,0.0,A,0.004887,0.565601
1206,C,0.0,C,0.005307,0.61421
1207,G,0.0,G,0.006807,0.787814
1208,G,1.0,G,0.0048,0.555532
1209,A,0.0,A,0.00562,0.650435
1210,A,0.0,A,0.015397,1.781984
1211,G,0.0,G,0.001393,0.16122
1212,G,0.0,G,0.00093,0.107634
1213,G,0.0,G,-0.000429,-0.049651
1214,C,0.0,C,0.00084,0.097218
1215,A,0.0,A,-0.003447,-0.398941
1216,C,1.0,C,0.004778,0.552986
1217,C,1.0,C,0.001044,0.120828
1218,A,0.0,A,0.00465,0.538172
1219,C,0.0,C,4e-06,0.000463
1220,C,1.0,C,0.001954,0.226148
1221,A,1.0,A,0.00796,0.921257
1222,G,0.0,G,0.000499,0.057752
1223,G,0.0,G,-0.000398,-0.046063
1224,A,0.0,A,0.003893,0.45056
1225,G,0.0,G,-0.00202,-0.233786
1226,U,0.0,U,0.001251,0.144786
1227,G,0.0,G,0.013937,1.61301
1231,C,1.0,C,-0.005699,-0.659578
1232,U,0.0,U,0.002112,0.244434
1233,G,0.0,G,0.010817,1.251914
1234,C,0.0,C,0.004054,0.469193
1235,G,0.0,G,0.001464,0.169437
1236,G,0.0,G,0.002336,0.270359
1237,C,0.0,C,0.001104,0.127772
1238,U,1.0,U,0.002044,0.236564
1239,U,1.0,U,0.0054,0.624973
1240,A,1.0,A,0.006113,0.707493
1241,A,1.0,A,0.00643,0.744181
1242,U,0.0,U,0.00544,0.629603
1243,U,0.0,U,0.001612,0.186566
1244,U,0.0,U,0.000347,0.04016
1245,G,0.0,G,0.004926,0.570115
1246,A,1.0,A,0.00836,0.967551
1247,C,1.0,C,0.006404,0.741172
1249,C,1.0,C,0.001245,0.144091
1250,A,1.0,A,0.005879,0.680411
1251,A,1.0,A,0.001268,0.146753
1252,C,1.0,C,0.009252,1.070788
1253,A,1.0,A,0.006581,0.761657
1254,C,0.0,C,0.000792,0.091663
1255,G,0.0,G,0.000722,0.083561
1256,G,0.0,G,-0.00051,-0.059025
1257,G,0.0,G,0.001407,0.16284
1258,A,1.0,A,0.009516,1.101342
1259,A,1.0,A,0.017975,2.080351
1260,A,1.0,A,0.010821,1.252377
1261,C,1.0,C,0.000751,0.086918
1262,C,1.0,C,0.00284,0.32869
1263,U,1.0,U,0.003472,0.401835
1264,C,1.0,C,0.000267,0.030901
1265,A,1.0,A,0.005448,0.630529
1266,C,0.0,C,-0.000177,-0.020485
1267,C,0.0,C,0.000301,0.034836
1268,C,0.0,C,-0.000853,-0.098723
1269,G,0.0,G,0.000415,0.04803
1270,G,0.0,G,0.002496,0.288877
1271,C,1.0,C,-0.001684,-0.194899
1272,C,0.0,C,-4.2e-05,-0.004861
1273,C,1.0,C,-0.00232,-0.268507
1274,G,1.0,G,0.00103,0.119208
1275,G,1.0,G,0.001346,0.15578
1276,A,1.0,A,0.001194,0.138189
1277,C,0.0,C,0.000946,0.109486
1278,A,0.0,A,0.000107,0.012384
1279,C,0.0,C,0.00032,0.037035
1280,G,0.0,G,0.003136,0.362948
1281,G,0.0,G,0.004973,0.575554
1282,A,1.0,A,0.003322,0.384474
1283,C,1.0,C,0.009752,1.128656
1284,A,1.0,A,0.003399,0.393386
1285,G,1.0,G,0.001019,0.117935
1286,G,1.0,G,0.0013,0.150457
1287,A,1.0,A,0.001267,0.146637
1288,U,1.0,U,0.00031,0.035878
1289,U,1.0,U,0.00219,0.253461
1290,G,0.0,G,0.005065,0.586202
1291,A,0.0,A,0.001083,0.125342
1292,C,1.0,C,0.000953,0.110296
1293,A,0.0,A,0.0011,0.127309
1294,G,0.0,G,0.004156,0.480998
1295,A,0.0,A,0.004979,0.576249
1296,U,1.0,U,0.002746,0.317811
1297,U,1.0,U,0.009804,1.134674
1298,G,1.0,G,0.005694,0.659
1299,A,1.0,A,0.013481,1.560235
1300,U,1.0,U,0.021264,2.461006
1301,A,1.0,A,0.010025,1.160252
1302,G,1.0,G,0.001018,0.117819
1303,C,1.0,C,0.00159,0.18402
1304,U,0.0,U,0.000597,0.069094
1305,C,0.0,C,0.005164,0.59766
1306,U,0.0,U,-0.000189,-0.021874
1307,U,1.0,U,0.000621,0.071872
1308,U,0.0,U,-8e-06,-0.000926
1309,C,0.0,C,0.003614,0.418269
1310,U,1.0,U,0.00017,0.019675
1311,C,1.0,C,0.002035,0.235522
1312,G,1.0,G,0.001448,0.167585
1313,A,1.0,A,0.013093,1.515329
1314,U,1.0,U,0.014485,1.676433
1315,U,1.0,U,9e-06,0.001042
1316,C,0.0,C,0.001834,0.212259
1317,C,0.0,C,0.000988,0.114347
1318,G,0.0,G,0.00079,0.091431
1319,U,0.0,U,0.004926,0.570115
1320,G,0.0,G,0.002326,0.269202
1321,G,1.0,G,0.002087,0.241541
1322,G,1.0,G,0.001571,0.181821
1323,U,1.0,U,0.015252,1.765203
1324,G,0.0,G,0.002019,0.233671
1325,G,0.0,G,0.005683,0.657727
1326,U,1.0,U,0.000168,0.019444
1327,G,0.0,G,0.001967,0.227652
1328,G,0.0,G,0.000375,0.043401
1329,U,0.0,U,0.005282,0.611317
1330,G,0.0,G,0.001051,0.121638
1331,C,1.0,C,0.000799,0.092473
1332,A,1.0,A,0.007291,0.84383
1333,U,0.0,U,0.006792,0.786078
1334,G,0.0,G,0.002326,0.269202
1335,G,0.0,G,0.001997,0.231124
1336,C,0.0,C,0.0007,0.081015
1337,C,0.0,C,0.000606,0.070136
1338,G,0.0,G,-0.00022,-0.025462
1339,U,0.0,U,0.002983,0.34524
1340,U,0.0,U,-0.000282,-0.032637
1341,C,1.0,C,0.002529,0.292696
1342,U,1.0,U,0.004757,0.550555
1343,U,1.0,U,0.002317,0.26816
1344,A,1.0,A,0.003608,0.417575
1345,G,0.0,G,0.002421,0.280196
1346,U,0.0,U,0.000396,0.045831
1347,U,0.0,U,0.000177,0.020485
1348,G,1.0,G,0.000469,0.05428
1349,G,0.0,G,0.002331,0.26978
1350,U,0.0,U,0.006879,0.796147
1351,G,0.0,G,0.008051,0.931789
1352,G,0.0,G,0.004314,0.499284
1353,A,0.0,A,0.028119,3.254375
1354,G,1.0,G,0.001185,0.137147
1355,C,1.0,C,0.003106,0.359475
1356,G,1.0,G,0.001547,0.179043
1357,A,1.0,A,0.015908,1.841125
1358,U,0.0,U,0.011292,1.306889
1359,U,0.0,U,0.005044,0.583771
1360,U,0.0,U,0.005945,0.688049
1361,G,1.0,G,0.003858,0.446509
1362,U,1.0,U,-9.5e-05,-0.010995
1363,C,1.0,C,0.003641,0.421394
1364,U,0.0,U,0.004017,0.464911
1365,G,0.0,G,0.002948,0.341189
1366,G,0.0,G,0.001408,0.162956
1367,U,1.0,U,0.000574,0.066432
1368,U,1.0,U,0.004578,0.529839
1369,A,1.0,A,0.006257,0.724159
1370,A,1.0,A,0.019009,2.200022
1371,U,1.0,U,0.017369,2.010215
1372,U,1.0,U,0.000283,0.032753
1373,C,0.0,C,0.005615,0.649857
1374,C,0.0,C,0.00385,0.445583
1375,G,0.0,G,0.002038,0.23587
1376,A,1.0,A,0.007402,0.856676
1377,U,1.0,U,0.023215,2.686807
1378,A,1.0,A,0.012268,1.419847
1379,A,0.0,A,0.011705,1.354688
1380,C,0.0,C,0.008374,0.969172
1381,G,1.0,G,0.010376,1.200875
1382,A,0.0,A,0.001521,0.176034
1383,A,0.0,A,-0.000682,-0.078932
1384,C,0.0,C,0.001908,0.220824
1385,G,1.0,G,0.004041,0.467688
1386,A,1.0,A,0.011824,1.36846
1387,G,1.0,G,0.002014,0.233092
1388,A,1.0,A,0.006529,0.755639
1389,C,1.0,C,0.001279,0.148026
1390,U,0.0,U,0.004736,0.548125
1391,C,1.0,C,0.000367,0.042475
1392,U,0.0,U,0.000744,0.086107
1393,G,0.0,G,0.004436,0.513404
1394,G,1.0,G,0.001545,0.178812
1395,C,0.0,C,0.002802,0.324292
1396,A,1.0,A,0.008181,0.946835
1397,U,0.0,U,0.01429,1.653865
1398,G,1.0,G,0.001902,0.22013
1399,C,0.0,C,-0.000692,-0.080089
1400,U,0.0,U,0.000184,0.021295
1401,A,0.0,A,0.001931,0.223486
1402,A,0.0,A,0.003571,0.413293
1403,C,1.0,C,0.000388,0.044905
1404,U,1.0,U,0.001507,0.174414
1405,A,0.0,A,0.003098,0.35855
1406,G,0.0,G,0.007867,0.910494
1407,U,0.0,U,0.004378,0.506691
1408,U,0.0,U,0.003988,0.461554
1409,A,1.0,A,0.005095,0.589674
1410,C,1.0,C,0.003326,0.384937
1411,G,1.0,G,0.003451,0.399404
1412,C,1.0,C,0.001279,0.148026
1413,G,0.0,G,0.004738,0.548356
1414,A,0.0,A,0.011541,1.335707
1415,C,0.0,C,9.3e-05,0.010763
1416,C,1.0,C,0.000913,0.105667
1417,C,1.0,C,-0.000459,-0.053123
1418,C,0.0,C,0.001065,0.123259
1419,C,0.0,C,0.001594,0.184483
1420,G,0.0,G,0.002368,0.274062
1421,A,0.0,A,0.018191,2.10535
1422,G,1.0,G,0.004289,0.496391
1423,C,1.0,C,0.006937,0.802859
1424,G,1.0,G,0.000444,0.051387
1425,G,1.0,G,0.001432,0.165734
1426,U,0.0,U,0.001749,0.202422
1427,C,0.0,C,0.006441,0.745454
1428,G,0.0,G,0.004299,0.497548
1429,G,0.0,G,0.003971,0.459587
1430,C,1.0,C,0.007089,0.820451
1431,G,0.0,G,0.001674,0.193742
1432,U,0.0,U,0.00157,0.181705
1433,C,0.0,C,-0.000728,-0.084256
1434,C,1.0,C,0.00063,0.072914
1435,C,1.0,C,0.000155,0.017939
1436,C,1.0,C,0.00114,0.131939
1437,C,1.0,C,0.001641,0.189922
1438,A,0.0,A,0.010052,1.163376
1439,A,0.0,A,0.014188,1.64206
1440,C,0.0,C,0.005586,0.6465
1441,U,0.0,U,0.018961,2.194467
1442,U,1.0,U,0.014212,1.644837
1443,C,1.0,C,0.008613,0.996833
1444,U,0.0,U,0.002217,0.256586
1445,U,0.0,U,0.000683,0.079048
1446,A,0.0,A,0.013469,1.558846
1447,G,0.0,G,0.006419,0.742908
1448,A,0.0,A,0.014171,1.640092
1449,G,1.0,G,0.000813,0.094093
1450,G,0.0,G,0.001246,0.144207
1451,G,1.0,G,0.000809,0.09363
1452,A,1.0,A,0.000847,0.098028
1453,C,0.0,C,0.002319,0.268391
1454,A,1.0,A,0.01152,1.333277
1455,A,1.0,A,0.014122,1.634421
1456,G,0.0,G,0.001777,0.205663
1457,U,0.0,U,0.003447,0.398941
1458,G,0.0,G,0.000531,0.061456
1459,G,0.0,G,-0.000104,-0.012037
1460,C,0.0,C,0.000811,0.093862
1461,G,1.0,G,0.002353,0.272326
1462,U,1.0,U,0.02225,2.575122
1463,U,1.0,U,0.012657,1.464868
1464,C,1.0,C,0.006802,0.787235
1465,A,1.0,A,0.017532,2.02908
1466,G,0.0,G,1.3e-05,0.001505
1467,C,0.0,C,0.00042,0.048609
1468,C,0.0,C,0.000909,0.105204
1469,A,0.0,A,0.000916,0.106014
1470,C,0.0,C,0.000803,0.092936
1471,C,1.0,C,0.000623,0.072103
1472,C,1.0,C,0.001901,0.220014
1473,G,0.0,G,0.001472,0.170363
1474,A,1.0,A,0.005935,0.686892
1475,G,1.0,G,0.000144,0.016666
1476,A,1.0,A,0.00191,0.221055
1477,U,1.0,U,0.000951,0.110065
1478,U,0.0,U,0.003709,0.429264
1479,G,0.0,G,0.002113,0.24455
1480,A,1.0,A,0.003131,0.362369
1481,G,0.0,G,-0.002491,-0.288298
1482,C,1.0,C,0.001165,0.134832
1483,A,1.0,A,0.003945,0.456578
1484,A,1.0,A,0.005333,0.617219
1485,U,1.0,U,0.015283,1.76879
1486,A,0.0,A,0.005752,0.665712
1487,A,0.0,A,0.009848,1.139766
1488,C,0.0,C,0.009831,1.137799
1489,A,1.0,A,0.011408,1.320314
1490,G,0.0,G,0.000593,0.068631
1491,G,0.0,G,0.003056,0.353689
1492,U,0.0,U,-0.000376,-0.043517
1493,C,1.0,C,0.003538,0.409473
1494,U,1.0,U,0.000799,0.092473
1495,G,1.0,G,0.008191,0.947992
1496,U,0.0,U,0.001245,0.144091
1497,G,1.0,G,0.001936,0.224065
1498,A,0.0,A,0.007911,0.915586
1499,U,0.0,U,0.006275,0.726242
1500,G,0.0,G,0.021491,2.487278
1501,C,0.0,C,-2.6e-05,-0.003009
1502,C,0.0,C,-0.00059,-0.068284
1503,C,0.0,C,-0.002572,-0.297673
1504,U,0.0,U,0.006166,0.713627
1505,U,1.0,U,0.004461,0.516297
1506,A,1.0,A,0.011154,1.290917
1507,G,1.0,G,0.009131,1.056784
1508,A,1.0,A,0.041462,4.798638
1509,U,1.0,U,0.002899,0.335518
1510,G,0.0,G,0.001582,0.183094
1511,U,1.0,U,-0.00016,-0.018518
1512,C,0.0,C,0.001104,0.127772
1513,C,0.0,C,0.000677,0.078353
1514,G,0.0,G,0.001201,0.138999
1515,G,0.0,G,-0.000422,-0.048841
1516,G,0.0,G,0.000756,0.087496
1517,G,1.0,G,0.000524,0.060646
1518,C,1.0,C,0.001449,0.167701
1519,U,1.0,U,0.0018,0.208324
1520,G,0.0,G,-0.000674,-0.078006
1521,C,0.0,C,0.002558,0.296052
1522,A,1.0,A,0.066818,7.733236
1523,C,0.0,C,0.000866,0.100227
1524,G,0.0,G,0.006884,0.796725
1525,C,0.0,C,0.000495,0.057289
1526,G,0.0,G,-0.000256,-0.029628
1527,C,1.0,C,-0.00021,-0.024305
1528,G,0.0,G,-0.001453,-0.168164
1529,C,0.0,C,-0.00011,-0.012731
1530,U,1.0,U,0.000917,0.10613
1531,A,1.0,A,0.001208,0.139809
1532,C,0.0,C,0.002725,0.31538
1533,A,1.0,A,-0.000604,-0.069904
1534,C,1.0,C,0.0005,0.057868
1535,U,1.0,U,0.001419,0.164229
1536,G,0.0,G,0.046285,5.356832
1537,A,0.0,A,0.020105,2.326869
1538,C,1.0,C,0.000767,0.088769
1539,U,0.0,U,0.000178,0.020601
1540,G,0.0,G,0.002392,0.27684
1541,G,0.0,G,0.002493,0.288529
1542,C,1.0,C,0.002302,0.266424
1543,U,1.0,U,0.006267,0.725316
1544,C,1.0,C,0.004832,0.559235
1545,A,1.0,A,0.007176,0.83052
1546,G,1.0,G,0.003071,0.355425
1547,C,1.0,C,0.004985,0.576943
1548,G,0.0,G,0.001451,0.167933
1549,U,0.0,U,0.022832,2.64248
1550,G,0.0,G,-0.001004,-0.116199
1551,U,1.0,U,0.000441,0.051039
1552,G,1.0,G,0.002663,0.308204
1553,C,1.0,C,7.2e-05,0.008333
1554,C,1.0,C,0.001093,0.126499
1555,U,1.0,U,-0.000155,-0.017939
1556,A,1.0,A,-0.000719,-0.083214
1557,C,1.0,C,-0.00055,-0.063655
1558,C,0.0,C,-0.000255,-0.029513
1559,C,0.0,C,-0.000478,-0.055322
1560,U,1.0,U,0.02402,2.779974
1562,C,0.0,C,0.008635,0.999379
1563,G,0.0,G,-0.010801,-1.250063
1564,C,0.0,C,-0.002695,-0.311908
1565,C,0.0,C,-0.007585,-0.877856
1566,G,1.0,G,0.010294,1.191384
1567,G,1.0,G,0.012871,1.489636
1568,C,1.0,C,0.019083,2.208587
1569,A,1.0,A,0.033441,3.870321
1570,G,0.0,G,-0.000752,-0.087033
1571,G,0.0,G,-0.012231,-1.415565
1572,C,0.0,C,-0.000691,-0.079973
1573,G,0.0,G,-0.009581,-1.108865
1574,C,1.0,C,-0.005486,-0.634927
1575,G,1.0,G,-0.001766,-0.204389
1576,G,0.0,G,-0.001707,-0.197561
1577,G,0.0,G,-0.002512,-0.290728
1578,U,1.0,U,-4.5e-05,-0.005208
1579,A,1.0,A,0.002781,0.321861
1580,A,1.0,A,0.007001,0.810266
1581,C,1.0,C,-0.003782,-0.437713
1582,C,1.0,C,-0.000263,-0.030439
1583,C,0.0,C,-0.000861,-0.099649
1584,G,0.0,G,0.000514,0.059488
1585,U,0.0,U,0.004411,0.510511
1586,U,1.0,U,0.004001,0.463059
1587,G,1.0,G,0.005778,0.668722
1588,A,1.0,A,0.002714,0.314107
1589,A,1.0,A,0.007456,0.862926
1590,C,1.0,C,0.000178,0.020601
1591,C,1.0,C,0.000464,0.053701
1592,C,0.0,C,-0.000275,-0.031827
1593,C,0.0,C,0.00046,0.053238
1594,A,0.0,A,0.002539,0.293853
1595,U,1.0,U,0.008931,1.033637
1596,U,0.0,U,0.007862,0.909915
1597,C,0.0,C,0.010117,1.170899
1598,G,1.0,G,0.018015,2.084981
1599,U,1.0,U,0.027051,3.13077
1600,G,1.0,G,0.00826,0.955978
1601,A,1.0,A,0.008638,0.999726
1602,U,1.0,U,0.002623,0.303575
1603,G,1.0,G,0.000669,0.077427
1604,G,0.0,G,0.000888,0.102773
1605,G,1.0,G,0.000981,0.113537
1606,G,1.0,G,0.000289,0.033448
1607,A,1.0,A,0.001429,0.165386
1608,U,1.0,U,0.002381,0.275567
1609,C,1.0,C,0.009095,1.052617
1610,G,0.0,G,0.000125,0.014467
1611,G,0.0,G,0.000125,0.014467
1612,G,0.0,G,-3.8e-05,-0.004398
1613,G,0.0,G,7.8e-05,0.009027
1614,A,0.0,A,0.003187,0.36885
1615,U,1.0,U,0.007063,0.817442
1616,U,1.0,U,0.008183,0.947066
1617,G,1.0,G,0.002431,0.281354
1618,C,1.0,C,0.000587,0.067937
1619,A,1.0,A,0.002535,0.29339
1620,A,1.0,A,0.001103,0.127657
1621,U,1.0,U,0.005094,0.589558
1622,U,1.0,U,0.017434,2.017738
1623,A,1.0,A,0.012257,1.418574
1624,U,1.0,U,0.000649,0.075113
1625,U,0.0,U,0.000947,0.109602
1626,C,0.0,C,0.000143,0.01655
1627,C,0.0,C,-0.002287,-0.264688
1628,C,0.0,C,-0.00046,-0.053238
1629,C,0.0,C,0.000832,0.096292
1630,A,1.0,A,0.010947,1.26696
1631,U,1.0,U,0.011601,1.342651
1632,G,1.0,G,0.008539,0.988268
1633,A,1.0,A,0.009789,1.132938
1634,A,1.0,A,0.008708,1.007827
1635,C,0.0,C,0.012455,1.44149
1636,G,1.0,G,0.00426,0.493035
1637,A,1.0,A,0.02842,3.289212
1638,G,1.0,G,0.004286,0.496044
1639,G,1.0,G,0.008193,0.948224
1640,A,1.0,A,0.010715,1.240109
1641,A,0.0,A,0.009908,1.14671
1642,U,0.0,U,0.001321,0.152887
1643,U,0.0,U,-0.000113,-0.013078
1644,C,0.0,C,-0.00318,-0.36804
1645,C,0.0,C,0.00042,0.048609
1646,C,1.0,C,0.000988,0.114347
1647,A,1.0,A,0.006828,0.790244
1648,G,1.0,G,0.019336,2.237868
1649,U,1.0,U,0.014829,1.716246
1650,A,1.0,A,0.036033,4.170309
1651,A,0.0,A,0.001264,0.14629
1652,G,0.0,G,0.007445,0.861653
1653,U,0.0,U,0.024687,2.85717
1654,G,0.0,G,0.000332,0.038424
1655,C,0.0,C,0.005656,0.654602
1656,G,0.0,G,-0.00491,-0.568263
1657,G,0.0,G,0.000683,0.079048
1658,G,0.0,G,-0.006108,-0.706914
1659,U,1.0,U,0.00033,0.038193
1660,C,1.0,C,0.003662,0.423825
1661,A,1.0,A,0.014152,1.637893
1662,U,1.0,U,0.023629,2.734722
1663,A,1.0,A,0.007006,0.810845
1664,A,1.0,A,0.005617,0.650088
1665,G,1.0,G,0.000763,0.088306
1666,C,0.0,C,-0.00068,-0.0787
1667,U,0.0,U,0.002019,0.233671
1668,U,0.0,U,0.01479,1.711733
1669,G,0.0,G,0.001212,0.140272
1670,C,0.0,C,0.002198,0.254387
1671,G,0.0,G,0.008212,0.950423
1672,U,0.0,U,0.007887,0.912808
1673,U,0.0,U,0.007271,0.841515
1674,G,1.0,G,0.009563,1.106782
1675,A,1.0,A,0.01107,1.281195
1676,U,1.0,U,0.012457,1.441721
1677,U,1.0,U,0.006064,0.701822
1678,A,1.0,A,0.002591,0.299871
1679,A,1.0,A,0.003411,0.394775
1680,G,0.0,G,0.004796,0.555069
1681,U,0.0,U,0.009784,1.132359
1682,C,1.0,C,0.004237,0.490373
1683,C,1.0,C,0.004093,0.473707
1684,C,1.0,C,0.001702,0.196982
1685,U,0.0,U,0.001343,0.155433
1686,G,0.0,G,0.000418,0.048378
1687,C,0.0,C,-0.000659,-0.07627
1688,C,0.0,C,0.000318,0.036804
1689,C,0.0,C,2.5e-05,0.002893
1690,U,0.0,U,0.009154,1.059446
1691,U,0.0,U,0.00342,0.395816
1692,U,0.0,U,0.000624,0.072219
1693,G,0.0,G,0.009697,1.12229
1694,U,0.0,U,0.007256,0.839779
1695,A,1.0,A,0.008287,0.959103
1696,C,0.0,C,0.015677,1.81439
1697,A,0.0,A,0.000356,0.041202
1698,C,1.0,C,0.000431,0.049882
1699,A,1.0,A,0.001144,0.132402
1700,C,1.0,C,0.0013,0.150457
1701,C,1.0,C,0.001333,0.154276
1702,G,0.0,G,0.001213,0.140388
1703,C,1.0,C,-0.001615,-0.186913
1704,C,1.0,C,0.000713,0.08252
1705,C,0.0,C,0.001351,0.156359
1706,G,0.0,G,0.000535,0.061919
1707,U,1.0,U,0.000654,0.075691
1708,C,0.0,C,0.003787,0.438292
1709,G,1.0,G,0.004018,0.465027
1710,C,1.0,C,0.000487,0.056363
1711,U,0.0,U,0.000275,0.031827
1712,A,0.0,A,0.001479,0.171173
1713,C,0.0,C,-0.000103,-0.011921
1714,U,0.0,U,0.000202,0.023379
1715,A,1.0,A,0.009127,1.056321
1716,C,0.0,C,0.000136,0.01574
1717,C,0.0,C,0.000792,0.091663
1718,G,1.0,G,0.001986,0.229851
1719,A,1.0,A,0.016968,1.963805
1720,U,0.0,U,0.005393,0.624163
1721,U,1.0,U,0.007597,0.879245
1722,G,0.0,G,0.001233,0.142702
1723,G,0.0,G,-8e-05,-0.009259
1724,A,0.0,A,-0.000139,-0.016087
1725,U,0.0,U,0.000353,0.040855
1726,G,0.0,G,-0.000315,-0.036457
1727,G,0.0,G,-0.000998,-0.115504
1728,U,0.0,U,0.00051,0.059025
1729,U,0.0,U,0.000602,0.069673
1730,U,1.0,U,5.8e-05,0.006713
1731,A,0.0,A,0.000233,0.026966
1732,G,0.0,G,8.2e-05,0.00949
1733,U,0.0,U,2.1e-05,0.00243
1734,G,1.0,G,0.001119,0.129508
1735,A,1.0,A,0.001591,0.184136
1736,G,0.0,G,0.000612,0.07083
1737,G,0.0,G,0.000725,0.083908
1738,C,0.0,C,0.000719,0.083214
1739,C,0.0,C,0.001182,0.1368
1740,C,1.0,C,0.000878,0.101616
1741,U,0.0,U,0.000471,0.054512
1742,C,0.0,C,4.8e-05,0.005555
1743,G,1.0,G,0.002273,0.263068
1744,G,1.0,G,0.001348,0.156012
1745,A,1.0,A,0.00134,0.155086
1746,U,0.0,U,-3e-06,-0.000347
1747,C,0.0,C,0.000924,0.10694
1748,G,0.0,G,0.000176,0.02037
1749,G,0.0,G,-0.003366,-0.389567
1750,C,0.0,C,-0.000283,-0.032753
1751,C,1.0,C,-0.000112,-0.012962
1752,C,0.0,C,0.000391,0.045253
1753,C,0.0,C,0.000444,0.051387
1754,G,0.0,G,-0.000339,-0.039234
1755,C,0.0,C,0.000178,0.020601
1756,C,0.0,C,0.000477,0.055206
1757,G,0.0,G,0.001086,0.125689
1758,G,0.0,G,0.001024,0.118513
1759,G,0.0,G,0.000774,0.08958
1760,G,0.0,G,-0.00108,-0.124995
1761,U,0.0,U,-0.000832,-0.096292
1762,C,0.0,C,0.001636,0.189344
1763,G,0.0,G,0.000583,0.067474
1764,G,1.0,G,0.0062,0.717562
1765,C,1.0,C,0.008281,0.958408
1766,C,1.0,C,0.006906,0.799272
1767,C,1.0,C,0.002617,0.302881
1768,A,1.0,A,0.022445,2.59769
1769,C,0.0,C,0.000504,0.058331
1770,G,0.0,G,0.000754,0.087265
1771,G,0.0,G,-0.00167,-0.193279
1772,C,0.0,C,-0.000893,-0.103352
1773,C,0.0,C,-0.000579,-0.067011
1774,C,0.0,C,0.000323,0.037383
1775,U,0.0,U,0.000119,0.013773
1776,G,0.0,G,0.003099,0.358665
1777,G,0.0,G,-0.001298,-0.150225
1778,C,0.0,C,-0.001033,-0.119555
1779,G,0.0,G,0.000273,0.031596
1780,G,0.0,G,0.001352,0.156475
1781,A,1.0,A,-0.000394,-0.0456
1782,G,1.0,G,0.000377,0.043632
1783,C,1.0,C,0.015948,1.845755
1784,G,0.0,G,-4.6e-05,-0.005324
1785,C,0.0,C,0.000145,0.016782
1786,U,0.0,U,0.000435,0.050345
1787,G,0.0,G,0.000585,0.067705
1788,A,0.0,A,0.001127,0.130434
1789,G,1.0,G,0.00032,0.037035
1790,A,1.0,A,0.001229,0.142239
1791,A,1.0,A,6.2e-05,0.007176
1792,G,0.0,G,0.000539,0.062382
1793,A,0.0,A,-0.000106,-0.012268
1794,C,1.0,C,0.000384,0.044443
1795,G,0.0,G,0.000192,0.022221
1796,G,0.0,G,-0.000207,-0.023957
1797,U,0.0,U,-0.000114,-0.013194
1798,C,0.0,C,0.002381,0.275567
1799,G,1.0,G,0.001247,0.144323
1800,A,1.0,A,0.000233,0.026966
1801,A,0.0,A,0.000308,0.035647
1802,C,0.0,C,-0.004178,-0.483544
1803,U,0.0,U,0.0,0.0
1804,U,1.0,U,-0.000344,-0.039813
1805,G,0.0,G,0.001098,0.127078
1806,A,0.0,A,8.4e-05,0.009722
1807,C,0.0,C,-0.000174,-0.020138
1808,U,0.0,U,-0.000131,-0.015161
1809,A,0.0,A,-0.000154,-0.017823
1810,U,0.0,U,-0.00067,-0.077543
1811,C,0.0,C,0.000337,0.039003
1812,U,0.0,U,-0.000179,-0.020717
1813,A,0.0,A,0.002133,0.246864
1814,G,1.0,G,0.002908,0.33656
1815,A,1.0,A,0.005325,0.616293
1816,G,0.0,G,0.002191,0.253577
1817,G,0.0,G,0.001798,0.208093
1818,A,1.0,A,0.005932,0.686545
1819,A,0.0,A,0.001523,0.176266
1820,G,0.0,G,0.00077,0.089117
1821,U,0.0,U,0.005211,0.603099
1822,A,0.0,A,-2.3e-05,-0.002662
1823,A,1.0,A,0.013135,1.52019
1824,A,1.0,A,0.001111,0.128582
1825,A,1.0,A,0.004595,0.531806
1826,G,0.0,G,0.004515,0.522547
1827,U,1.0,U,0.001769,0.204737
1828,C,0.0,C,0.007562,0.875194
1829,G,0.0,G,0.00751,0.869176
1830,U,1.0,U,0.002533,0.293159
1831,A,1.0,A,0.010535,1.219277
1832,A,1.0,A,0.014628,1.692983
1833,C,0.0,C,0.009791,1.133169
1834,A,1.0,A,0.008762,1.014077
1835,A,1.0,A,0.00563,0.651593
1836,G,1.0,G,0.005613,0.649625
1837,G,1.0,G,0.001319,0.152656
1838,U,0.0,U,0.006719,0.777629
1839,U,0.0,U,0.00839,0.971023
1840,U,0.0,U,-0.00084,-0.097218
1841,C,0.0,C,-6.1e-05,-0.00706
1842,C,0.0,C,0.000983,0.113768
1843,G,0.0,G,-0.000182,-0.021064
1844,U,0.0,U,0.000581,0.067243
1845,A,0.0,A,-0.000833,-0.096408
1846,G,0.0,G,-0.005965,-0.690364
1847,G,0.0,G,0.002712,0.313876
1849,G,1.0,G,0.013169,1.524125
1850,A,1.0,A,0.002615,0.302649
1852,C,0.0,C,0.001679,0.19432
1853,C,0.0,C,-0.000375,-0.043401
1854,U,0.0,U,-0.001583,-0.18321
1855,G,0.0,G,-0.003722,-0.430769
1856,C,0.0,C,0.000113,0.013078
1857,G,0.0,G,-0.001416,-0.163882
1858,G,0.0,G,0.00177,0.204852
1859,A,0.0,A,0.000308,0.035647
1860,A,0.0,A,-0.000244,-0.02824
1861,G,0.0,G,0.001975,0.228578
1862,G,1.0,G,0.000785,0.090853
1863,A,1.0,A,0.000532,0.061571
1864,U,1.0,U,-0.000229,-0.026504
1865,C,1.0,C,0.005771,0.667911
1866,A,1.0,A,0.003334,0.385863
1867,U,1.0,U,0.004051,0.468846
1869,A,1.0,A,0.014882,1.72238
